Property ID,Locality name,Postal code,Price,Type of property,Subtype of property,Type of sale,Bedrooms,Living area,Kitchen type,Furnished,Fireplaces,Terrace surface,Garden surface,Surface of the plot,Number of facades,Swimming pool,Building condition
11129063,lede,9340,320405,appartment,apartment,for-sale,2,95,1,0,0,10,,,,0,
11129068,lede,9340,478741,appartment,apartment,for-sale,2,143,1,0,0,51,,,,0,
11129066,aalst,9300,357500,appartment,apartment,for-sale,3,107,1,0,0,20,,,,0,
11129071,aalst,9300,334200,appartment,apartment,for-sale,1,105,1,0,0,15,,,,0,
11129076,aalst,9300,315200,appartment,apartment,for-sale,1,99,1,0,0,15,,,,0,
11128434,ixelles,1050,1150000,appartment,duplex,for-sale,3,220,1,0,0,30,,,,0,As new
11128432,geraardsbergen,9506,480000,house,house,for-sale,3,185,1,0,0,40,1250,1575,,0,Good
11128436,braine-l%27alleud,1421,3085000,house,exceptional-property,for-sale,6,800,1,0,0,,,7554,,0,Good
11128435,chaudfontaine,4050,95000,house,house,for-sale,3,95,1,0,0,,,,,0,To renovate
11128431,geraardsbergen,9500,480000,house,house,for-sale,3,185,1,0,0,40,1250,1575,,0,Good
11128443,melsele,9120,843000,appartment,apartment,for-sale,3,182,1,0,0,18,,,,0,As new
11128433,mechelen,2800,345000,house,house,for-sale,3,232,1,0,0,,,175,,0,To be done up
11128448,antwerp,2060,290000,house,house,for-sale,4,180,1,0,0,20,,104,,0,To renovate
11085399,etterbeek,1040,1200000,house,apartment-block,for-sale,5,359,1,0,0,10,70,225,,0,As new
11128445,melsele,9120,590000,appartment,apartment,for-sale,2,121,1,0,0,8,,,,0,As new
11128451,brasschaat,2930,2950000,house,villa,for-sale,4,595,1,0,0,,,4522,,0,As new
11128450,li%C3%A8ge,4000,295000,house,house,for-sale,4,294,0,0,0,7,125,192,,0,To renovate
11128444,malle,2390,388000,house,house,for-sale,4,227,1,0,0,,,1764,,0,To renovate
11128446,melsele,9120,599000,appartment,apartment,for-sale,2,114,1,0,0,9,,,,0,As new
11128413,heist-op-den-berg,2220,525132,house,house,for-sale,3,160,1,0,0,,,1017,,0,As new
11128416,heist-op-den-berg,2220,629239,house,house,for-sale,4,233,1,0,0,,,1017,,0,As new
11128418,bonheiden,2820,943429,house,house,for-sale,4,317,1,0,0,21,,2100,,0,As new
11128412,zoersel,2980,523597,house,house,for-sale,3,176,1,0,0,,,552,,0,As new
11128417,bonheiden,2820,761763,house,house,for-sale,3,256,1,0,0,,,2100,,0,As new
10990841,etterbeek,1040,1095000,house,mixed-use-building,for-sale,5,450,1,0,0,9,140,209,,0,Good
11128414,heist-op-den-berg,2220,576316,house,house,for-sale,3,181,1,0,0,,,1017,,0,As new
11128419,bonheiden,2820,802120,house,house,for-sale,3,255,1,0,0,,,2100,,0,As new
11128422,mol,2400,472772,house,house,for-sale,4,180,1,0,0,,,1848,,0,As new
11128420,mol,2400,518032,house,house,for-sale,3,182,1,0,0,,,1848,,0,As new
11128421,tisselt,2830,349000,house,mixed-use-building,for-sale,3,359,1,0,0,,,,,0,
11128423,saint-ghislain%20neufmaison,7332,360309,house,house,for-sale,3,189,1,0,0,,,1310,,0,As new
11128425,saint-ghislain%20neufmaison,7332,350426,house,house,for-sale,4,147,1,0,0,,,1180,,0,As new
11128424,saint-ghislain%20neufmaison,7332,331227,house,house,for-sale,3,147,1,0,0,,,1180,,0,As new
11128426,saint-ghislain%20neufmaison,7332,373632,house,house,for-sale,3,160,1,0,0,,,1180,,0,As new
11128453,antwerp,2000,1495000,appartment,duplex,for-sale,3,125,1,0,0,100,,,,0,As new
11128429,falaen,5522,595000,house,exceptional-property,for-sale,6,440,1,0,1,,,1120,,0,Just renovated
11128430,sint-pieters-leeuw,1600,435000,appartment,loft,for-sale,1,175,1,0,0,,,,,0,Good
11128428,ramillies,1367,499000,house,house,for-sale,5,275,1,0,0,27,,495,,0,Good
11128457,brugge,8380,217000,house,house,for-sale,3,225,1,0,0,,,232,,0,To renovate
11128458,beernem,8730,245000,appartment,apartment,for-sale,3,104,1,0,0,4,,,,0,As new
11128456,scherpenheuvel-zichem,3270,509000,house,house,for-sale,5,277,1,0,0,,,802,,0,
11128468,vorselaar,2290,215000,appartment,apartment,for-sale,1,57,1,0,0,20,,,,0,Good
11128459,brugge,8000,279000,house,house,for-sale,2,146,1,0,0,,25,84,,0,Good
11128460,bruxelles,1120,279000,appartment,apartment,for-sale,2,80,1,0,0,8,,,,0,Good
11128467,diest,3290,265000,appartment,duplex,for-sale,2,121,1,0,0,4,,,,0,
11128470,chaudfontaine,4050,319000,house,villa,for-sale,4,194,1,0,0,13,163,469,,0,To renovate
11128469,li%C3%A8ge,4000,219000,house,house,for-sale,3,180,1,0,0,65,,309,,0,Just renovated
11128471,tubize,1480,330000,house,house,for-sale,4,160,1,0,0,,200,282,,0,Good
11128472,tubize,1480,275000,house,house,for-sale,3,120,1,0,0,,,189,,0,Good
10902181,etterbeek,1040,825000,house,apartment-block,for-sale,4,265,1,0,0,15,110,180,,0,To be done up
11075462,etterbeek,1040,930000,house,apartment-block,for-sale,4,340,1,0,0,,200,330,,0,Good
10946788,etterbeek,1040,1950000,house,apartment-block,for-sale,8,450,1,1,0,30,100,292,,0,Good
10815509,etterbeek,1040,1650000,house,house,for-sale,7,485,1,0,0,,365,565,,0,Good
11080245,etterbeek,1040,1495000,house,mansion,for-sale,5,375,1,0,0,,130,310,,0,To renovate
11055906,etterbeek,1040,1485000,house,mansion,for-sale,5,472,1,0,0,,200,355,,0,Just renovated
10563825,etterbeek,1040,479000,house,house,for-sale,5,170,1,0,0,,,67,,0,To be done up
10709080,etterbeek,1040,440000,house,house,for-sale,4,189,1,0,0,,87,135,,0,To renovate
10926800,etterbeek,1040,1395000,house,house,for-sale,5,433,1,0,0,10,90,180,,0,As new
10829656,etterbeek,1040,1495000,house,villa,for-sale,6,275,1,0,0,,,645,,0,As new
11031038,etterbeek,1040,1650000,house,house,for-sale,7,466,1,0,0,30,87,210,,0,To be done up
10952442,etterbeek,1040,1150000,house,exceptional-property,for-sale,5,297,1,0,0,10,30,125,,0,Just renovated
11021491,etterbeek,1040,550000,house,house,for-sale,4,230,1,0,0,,30,83,,0,To be done up
11022969,etterbeek,1040,965000,house,house,for-sale,5,200,1,0,0,,90,175,,0,Good
10985513,etterbeek,1040,425000,house,house,for-sale,4,225,0,0,0,,30,103,,0,To renovate
10249425,etterbeek,1040,795000,house,house,for-sale,9,355,1,0,0,,80,,,0,To renovate
10952430,etterbeek,1040,1150000,house,house,for-sale,5,297,1,0,0,2,27,125,,0,Just renovated
10987495,etterbeek,1040,895000,house,house,for-sale,6,270,1,0,0,,30,110,,0,As new
10831130,etterbeek,1040,1495000,house,house,for-sale,6,275,1,0,0,40,300,632,,0,To be done up
10538749,schaerbeek,1030,525000,house,apartment-block,for-sale,5,220,1,0,0,,20,,,0,
10832715,etterbeek,1040,1150000,house,house,for-sale,6,300,1,0,0,40,150,260,,0,As new
10910440,schaerbeek,1030,289000,house,house,for-sale,5,160,1,0,0,,,,,0,
11042220,schaerbeek,1030,435000,house,house,for-sale,3,180,1,0,0,,75,,,0,
10801482,schaerbeek,1030,430000,house,apartment-block,for-sale,4,205,1,0,0,,,,,0,To renovate
10949435,etterbeek,1040,850000,house,town-house,for-sale,5,352,1,0,0,32,120,319,,0,To renovate
10904504,schaerbeek,1030,349000,house,house,for-sale,5,171,1,0,0,,22,,,0,
11044944,schaerbeek,1030,529000,house,house,for-sale,4,273,1,0,0,23,,,,0,
11128483,temse,9140,985000,house,villa,for-sale,3,401,1,0,0,,3800,4150,,0,As new
11128473,tubize,1480,195000,house,house,for-sale,3,136,0,0,0,20,,438,,0,To be done up
11128475,antwerp,2000,2395000,appartment,penthouse,for-sale,3,302,1,0,0,78,,,,0,As new
11128481,ninove,9400,299000,house,mixed-use-building,for-sale,3,178,0,0,0,110,,615,,0,To be done up
11128484,malmedy,4960,150000,appartment,triplex,for-sale,2,76,1,1,0,30,,,,0,Good
11128474,temse,9140,1450000,house,villa,for-sale,9,825,1,0,0,,,4670,,0,As new
11128493,arendonk,2370,395000,house,house,for-sale,6,,1,0,0,25,,990,,0,Good
11128500,wavre,1300,298000,appartment,apartment,for-sale,1,82,1,0,0,10,,,,0,As new
10975158,knokke-heist,8300,1099000,appartment,apartment,for-sale,2,118,1,0,0,,,,,0,As new
11128503,fosses-la-ville,5070,885000,house,exceptional-property,for-sale,2,170,1,0,0,,,3294,,0,As new
11128496,arendonk,2370,398000,house,house,for-sale,3,167,1,0,0,,,1559,,0,Good
11128507,rixensart,1330,250000,appartment,apartment,for-sale,1,70,1,0,0,6,,,,0,Good
10972903,schaerbeek,1030,595000,house,apartment-block,for-sale,5,225,1,0,0,,,,,0,
11128505,geel,2440,200000,house,house,for-sale,4,175,1,0,0,,550,630,,0,To renovate
11128508,nivelles,1400,195000,appartment,apartment,for-sale,2,70,1,1,0,,,,,0,Good
11128506,herentals,2200,245000,house,house,for-sale,3,,1,0,0,,253,324,,0,To be done up
11128502,antwerp,2020,309000,house,house,for-sale,4,148,1,0,0,11,,97,,0,Good
10322963,schaerbeek,1030,320000,house,house,for-sale,4,200,1,0,0,,,,,0,
10804330,schaerbeek,1030,539000,house,apartment-block,for-sale,5,224,1,0,0,,,,,0,
10421189,schaerbeek,1030,359000,house,house,for-sale,4,217,1,0,0,,,,,0,
10356246,schaerbeek,1030,545000,house,apartment-block,for-sale,5,225,1,0,0,,,70,,0,To be done up
10428894,schaerbeek,1030,375000,house,apartment-block,for-sale,6,200,1,0,0,,,,,0,
10804329,schaerbeek,1030,549000,house,house,for-sale,5,213,1,0,0,,40,,,0,
11092365,schaerbeek,1030,499000,house,mixed-use-building,for-sale,5,210,1,0,0,,,,,0,
11080153,schaerbeek,1030,390000,house,house,for-sale,4,170,1,0,0,20,,,,0,To renovate
10879871,schaerbeek,1030,379000,house,apartment-block,for-sale,,,1,0,0,,,,,0,
10994035,schaerbeek,1030,745000,house,house,for-sale,4,200,1,0,0,,,,,0,
10849829,schaerbeek,1030,400000,house,town-house,for-sale,3,,1,0,1,,,,,0,Good
10998245,schaerbeek,1030,745000,house,house,for-sale,4,200,1,0,0,,,,,0,
10428891,schaerbeek,1030,375000,house,mixed-use-building,for-sale,6,200,1,0,0,3,,82,,0,
11097920,schaerbeek,1030,365000,house,apartment-block,for-sale,3,101,1,0,0,9,,,,0,
10979668,bruxelles-3,1030,599000,house,apartment-block,for-sale,10,,1,0,0,,,420,,0,
10892836,schaerbeek,1030,580000,house,house,for-sale,4,,1,0,0,,1,,,0,Just renovated
11090404,schaarbeek,1030,1330000,house,house,for-sale,5,316,1,0,0,1,1,310,,0,As new
11001736,schaerbeek,1030,370000,house,house,for-sale,10,,0,0,0,,,195,,0,
10858249,schaarbeek,1030,795000,house,house,for-sale,3,610,1,0,0,,,365,,0,
11034477,schaarbeek,1030,649000,house,house,for-sale,4,190,1,0,0,,,204,,0,
10984208,schaerbeek,1030,1175000,house,apartment-block,for-sale,,460,0,0,0,,,,,0,To be done up
10473178,schaerbeek,1030,780000,house,mixed-use-building,for-sale,6,250,1,0,0,,,110,,0,
10970056,schaerbeek,1030,850000,house,house,for-sale,6,326,1,0,0,,,,,0,Good
10602020,schaerbeek,1030,749000,house,house,for-sale,7,268,1,0,0,23,60,180,,0,
11023729,schaerbeek,1030,950000,house,house,for-sale,5,204,1,0,0,10,70,308,,0,To be done up
10797201,schaerbeek,1030,349000,house,house,for-sale,3,165,1,0,0,,,57,,0,Good
11104830,schaerbeek,1030,760000,house,house,for-sale,5,300,1,0,0,,,,,0,Just renovated
11128512,dendermonde,9200,259000,appartment,apartment,for-sale,2,77,1,0,0,,,,,0,Good
10690644,schaerbeek,1030,995000,house,apartment-block,for-sale,8,330,1,0,0,25,,,,0,Good
11128511,dendermonde,9200,370000,house,house,for-sale,3,189,1,0,0,,,144,,0,As new
11128513,zele,9240,195000,appartment,apartment,for-sale,2,,1,0,0,,,,,0,
11128514,h%C3%A9ron%20couthuin,4218,349000,house,house,for-sale,4,225,1,0,0,70,,792,,0,Good
11128519,keerbergen,3140,932000,house,villa,for-sale,5,340,1,0,0,,,1845,,0,As new
11128518,boutersem,3370,399000,house,house,for-sale,3,181,1,0,0,40,,2317,,0,To renovate
11128520,putte,2580,480000,house,house,for-sale,4,260,1,0,0,,600,898,,0,As new
10876583,oud-heverlee,3050,325000,house,house,for-sale,4,121,1,0,0,15,400,592,,0,To renovate
11034004,zellik,1731,325000,house,house,for-sale,4,144,0,0,0,,,322,,0,To renovate
11128522,louvain-la-neuve,1348,145000,appartment,apartment,for-sale,1,30,1,0,0,,,,,0,Good
11128523,louvain-la-neuve,1348,155000,appartment,apartment,for-sale,1,38,1,0,0,,,,,0,Good
11128524,louvain-la-neuve,1348,175000,appartment,apartment,for-sale,1,46,1,0,0,,,,,0,Good
11128529,bruxelles,1000,825000,appartment,apartment,for-sale,3,231,1,0,0,6,,,,0,As new
11128527,amay,4540,175000,house,house,for-sale,6,130,1,0,0,,500,840,,0,Good
11128530,saint-gilles,1060,620000,house,mixed-use-building,for-sale,4,200,1,0,0,,,50,,0,Good
11128531,ixelles,1050,1150000,appartment,apartment,for-sale,4,240,1,0,0,6,,,,0,Good
11128541,rocourt,4000,426728,house,house,for-sale,4,148,1,0,0,24,,522,,0,
11128540,mons%20fl%C3%A9nu,7012,350000,house,house,for-sale,5,,1,0,0,,,1657,,0,As new
10866901,schaerbeek,1030,360000,house,house,for-sale,3,175,1,0,0,,,66,,0,To restore
10982922,schaerbeek,1030,499000,house,house,for-sale,,214,1,0,0,,29,,,0,
11128542,stembert,4801,545083,house,house,for-sale,5,225,1,0,0,,,634,,0,
11074990,rocourt,4000,401845,house,house,for-sale,3,170,1,0,0,26,,291,,0,
11128545,waterloo,1410,860000,house,villa,for-sale,5,192,1,0,0,40,1200,1432,,0,Good
11128546,waterloo,1410,325000,appartment,apartment,for-sale,3,102,1,0,0,6,,,,0,Good
11128544,waterloo,1410,385000,house,house,for-sale,4,123,0,0,0,20,,507,,0,To renovate
11069282,braine-l%27alleud,1420,325000,house,house,for-sale,3,200,1,0,0,18,,140,,0,To be done up
11128549,herentals,2200,375000,house,house,for-sale,5,220,1,0,0,24,16,193,,0,
11128550,ninove,9400,270000,house,house,for-sale,3,177,1,0,0,,,318,,0,To be done up
11128551,la%20bruy%C3%A8re,5080,349000,house,villa,for-sale,3,137,1,0,0,,,1900,,0,Good
10602239,dinant,5500,269000,house,mixed-use-building,for-sale,2,,1,0,0,,50,490,,0,Good
11128557,oud-heverlee%20haasrode,3053,269000,appartment,duplex,for-sale,1,74,1,0,0,,,,,0,
10385970,schaerbeek,1030,2435000,house,mansion,for-sale,6,650,1,0,1,,140,340,,0,Just renovated
11128553,balen,2490,265000,house,house,for-sale,2,,1,0,0,,,721,,0,
10912209,schaarbeek,1030,598000,house,mansion,for-sale,3,239,1,0,0,,40,116,,0,To renovate
10679585,schaerbeek,1030,595000,house,house,for-sale,4,200,1,0,0,,,67,,0,To be done up
10906733,schaerbeek,1030,399000,house,house,for-sale,4,260,1,0,0,11,68,175,,0,To renovate
10909178,merksem,2170,159000,appartment,apartment,for-sale,2,80,1,0,0,5,,,,0,Good
11041216,schaerbeek,1030,895000,house,apartment-block,for-sale,7,310,1,0,0,20,,100,,0,Good
10866515,schaerbeek,1030,649000,house,house,for-sale,4,176,1,0,0,37,,75,,0,To be done up
10847009,schaerbeek,1030,497000,house,apartment-block,for-sale,5,250,1,0,0,5,,,,0,
10764203,schaerbeek,1030,640000,house,apartment-block,for-sale,5,300,1,0,0,,70,,,0,Good
11062634,schaerbeek,1030,490000,house,house,for-sale,4,306,1,0,0,,,,,0,As new
10285390,schaerbeek,1030,1100000,house,apartment-block,for-sale,,450,1,0,0,2,,,,0,To renovate
10935328,schaerbeek,1030,200000,house,house,for-sale,2,92,1,0,0,,,,,0,To be done up
10950591,schaerbeek,1030,450000,house,apartment-block,for-sale,5,250,1,0,0,,,,,0,
10658510,schaerbeek,1030,379000,house,house,for-sale,3,140,1,0,0,,,,,0,Good
10867551,schaerbeek,1030,579000,house,house,for-sale,7,266,1,0,0,,58,133,,0,To be done up
10909361,schaerbeek,1030,640000,house,apartment-block,for-sale,10,370,1,0,0,,,370,,0,To renovate
10131829,schaerbeek,1030,430000,house,house,for-sale,4,280,1,0,0,,100,195,,0,To renovate
10746173,schaarbeek,1030,595000,house,house,for-sale,4,200,1,0,0,,,67,,0,To restore
10859014,schaarbeek,1030,325000,house,house,for-sale,6,200,1,0,0,,,,,0,To renovate
10553495,schaerbeek,1030,525000,house,house,for-sale,3,230,1,0,0,4,60,,,0,Just renovated
11069485,schaerbeek,1030,590000,house,mixed-use-building,for-sale,5,450,1,0,0,57,,248,,0,To be done up
10958360,schaerbeek,1030,380000,house,mixed-use-building,for-sale,5,240,1,0,0,,,65,,0,To renovate
10933136,schaerbeek,1030,979000,house,apartment-block,for-sale,13,520,1,0,0,2,,113,,0,Good
10925577,schaerbeek,1030,645000,house,mixed-use-building,for-sale,4,310,1,0,0,,,135,,0,To be done up
10979751,schaerbeek,1030,425000,house,house,for-sale,4,141,0,0,0,,46,105,,0,To renovate
10950631,schaarbeek,1030,1300000,house,apartment-block,for-sale,6,520,1,0,0,,,350,,0,To be done up
10763174,schaerbeek,1030,650000,house,house,for-sale,5,290,1,0,0,12,190,280,,0,To be done up
11045698,schaerbeek,1030,290000,house,house,for-sale,4,130,1,0,0,,,40,,0,To renovate
11128558,leuven,3000,269000,appartment,duplex,for-sale,1,74,1,0,0,,,,,0,
11089287,schaerbeek,1030,1345000,house,mixed-use-building,for-sale,47,961,1,0,0,20,,443,,0,To renovate
10992165,schaerbeek,1030,1389000,house,apartment-block,for-sale,10,650,0,0,0,,,140,,0,Good
11128561,merchtem,1785,265000,appartment,apartment,for-sale,2,80,1,0,0,,,,,0,As new
11128560,charleroi,6043,180000,appartment,apartment,for-sale,2,105,1,1,0,8,,,,0,As new
10938712,schaerbeek,1030,765000,house,mansion,for-sale,4,247,1,0,0,,55,157,,0,As new
11128562,merchtem,1785,265000,appartment,apartment,for-sale,2,80,1,0,0,,,,,0,As new
11128571,juprelle,4458,266163,appartment,apartment,for-sale,3,110,1,0,0,8,,,,0,As new
11128570,antwerp,2000,212000,appartment,apartment,for-sale,1,55,1,0,0,12,,,,0,As new
11128572,juprelle,4450,283375,appartment,apartment,for-sale,3,110,1,0,0,8,,,,0,
11128573,juprelle,4458,391887,appartment,penthouse,for-sale,3,164,1,0,0,17,,,,0,As new
11128575,keerbergen,3140,795000,house,house,for-sale,3,255,1,0,0,,,1380,,0,As new
11128582,bruxelles,1000,1590000,appartment,penthouse,for-sale,4,320,1,0,0,35,,,,0,Just renovated
11128591,erpe-mere,9420,1250000,house,exceptional-property,for-sale,25,1465,1,0,0,,,4505,,0,To be done up
11128576,tremelo,3120,620000,house,house,for-sale,3,151,1,0,0,60,3000,3162,,0,As new
11128577,destelbergen,9070,950000,house,exceptional-property,for-sale,4,340,1,0,0,,,24800,,0,Good
11128597,neupr%C3%A9,4120,279000,appartment,apartment,for-sale,3,127,1,0,0,,,,,0,Good
11128592,ciney,5590,270000,house,house,for-sale,3,105,1,0,0,,,655,,0,To renovate
11128603,aiseau-presles,6250,319000,house,villa,for-sale,3,141,1,0,0,,,,,0,To be done up
11128600,steenokkerzeel,1820,624000,house,house,for-sale,5,309,1,0,0,,,1189,,0,Good
11128601,vilvoorde%20peutie,1800,495000,house,house,for-sale,3,128,1,0,0,48,,,,0,As new
11128598,halle,1500,299000,appartment,duplex,for-sale,3,121,1,0,0,,,,,0,Good
11128604,gerpinnes,6280,79000,appartment,flat-studio,for-sale,1,46,1,0,0,,,,,0,Good
10997950,charleroi,6061,133000,house,house,for-sale,3,,1,0,0,200,,,,0,To renovate
11128605,wichelen,9260,362000,house,house,for-sale,2,150,1,0,0,,180,283,,0,Just renovated
11128606,herne,1540,675000,house,villa,for-sale,5,256,1,0,0,,,2338,,0,As new
11128609,souvret,6182,77500,house,house,for-sale,1,115,1,0,0,,,,,0,Good
11128614,antwerp,2000,1350000,house,apartment-block,for-sale,4,280,1,0,0,15,,92,,0,As new
10466604,dendermonde,9200,135000,house,bungalow,for-sale,3,120,1,1,0,,,3634,,0,Good
11128612,heist-op-den-berg,2220,338000,house,villa,for-sale,3,202,1,0,0,,,1085,,0,Good
11128615,gent,9000,320000,appartment,apartment,for-sale,2,133,1,0,0,,,,,0,Good
11128618,temse,9140,539000,house,mixed-use-building,for-sale,,,1,0,0,,,210,,0,To be done up
11128610,gosselies,6041,260000,house,house,for-sale,5,175,1,0,0,15,,,,0,As new
11095184,schaerbeek,1030,390000,house,house,for-sale,4,244,1,0,0,,,120,,0,Good
11081508,schaerbeek,1030,620000,house,apartment-block,for-sale,9,280,1,0,0,41,,,,0,
10940150,schaerbeek,1030,465000,house,house,for-sale,5,262,1,0,0,25,110,215,,0,Good
10788724,schaerbeek,1030,450000,house,apartment-block,for-sale,4,230,1,0,0,,75,185,,0,Good
11010085,schaerbeek-schaarbeek,1030,650000,house,house,for-sale,,,1,0,0,,,195,,0,
10938683,schaerbeek,1030,445000,house,house,for-sale,2,,1,0,0,,53,,,0,Just renovated
11098348,schaerbeek,1030,975000,house,apartment-block,for-sale,,460,1,0,0,,,,,0,
10843480,schaerbeek,1030,570000,house,house,for-sale,4,,1,0,0,14,30,,,0,Good
11094451,schaerbeek,1030,230000,house,house,for-sale,4,,1,0,0,,,80,,0,
11005641,schaerbeek,1030,950000,house,apartment-block,for-sale,3,200,1,0,0,,,,,0,Good
11116920,schaerbeek,1030,645000,house,house,for-sale,6,575,1,0,0,,,455,,0,
10793276,schaerbeek,1030,595000,house,apartment-block,for-sale,7,305,1,0,0,15,,135,,0,
11120461,schaerbeek,1030,645000,house,apartment-block,for-sale,6,575,1,0,0,,,455,,0,
11035861,schaerbeek,1030,300000,house,house,for-sale,2,200,1,0,0,,,,,0,
11088866,schaerbeek,1030,399000,house,house,for-sale,6,210,0,0,0,,44,92,,0,
11120403,schaerbeek,1030,300000,house,house,for-sale,4,,1,0,0,,,233,,0,To renovate
10719146,schaerbeek,1030,750000,house,apartment-block,for-sale,7,305,1,0,0,15,,135,,0,To renovate
11092431,schaerbeek,1030,549000,house,house,for-sale,4,215,1,0,0,7,3,,,0,Good
11100436,bruxelles,1030,1050000,house,mansion,for-sale,6,419,1,0,0,15,41,133,,0,As new
10879098,schaerbeek,1030,319000,house,house,for-sale,3,200,0,0,0,20,,,,0,To restore
10981239,schaerbeek,1030,349999,house,house,for-sale,2,90,1,0,0,5,,,,0,Good
10816299,schaerbeek,1030,749000,house,mansion,for-sale,5,288,1,0,0,21,75,,,0,As new
11113620,schaerbeek,1030,369000,house,house,for-sale,5,200,1,0,0,,,69,,0,To renovate
11069238,schaerbeek,1030,599000,house,mixed-use-building,for-sale,8,350,1,0,0,,,199,,0,Good
9703696,schaerbeek,1030,409000,house,apartment-block,for-sale,3,260,1,0,0,,82,,,0,To be done up
11069235,schaerbeek,1030,599000,house,house,for-sale,8,350,1,0,0,,,199,,0,Good
10723199,schaerbeek,1030,940000,house,town-house,for-sale,4,345,1,0,0,,,345,,0,Just renovated
11060224,schaerbeek,1030,369000,house,apartment-block,for-sale,4,210,1,0,0,17,40,115,,0,To renovate
10911144,schaerbeek,1030,379000,house,mansion,for-sale,3,124,1,0,0,,,,,0,To renovate
11128622,berloz,4257,499000,appartment,apartment,for-sale,5,197,1,0,0,39,,,,0,As new
11128619,ottignies,1340,259000,appartment,apartment,for-sale,2,71,1,0,0,5,,,,0,Good
11128625,marcinelle,6001,180000,house,house,for-sale,5,191,1,0,0,10,48,180,,0,To be done up
11128626,herstal,4040,184000,appartment,apartment,for-sale,2,,1,0,0,,,,,0,Good
11075246,mons,7000,195000,appartment,apartment,for-sale,2,81,1,0,0,5,,,,0,Good
11128623,waremme,4300,499000,appartment,apartment,for-sale,5,197,1,0,0,39,,,,0,As new
11128621,wichelen%20schellebelle,9260,160000,house,house,for-sale,3,110,1,0,0,,,120,,0,To be done up
10838609,spy,5190,315000,house,house,for-sale,3,140,1,0,0,,650,756,,0,As new
11128628,glabbeek,3380,695000,house,house,for-sale,5,487,1,0,0,,6300,6998,,0,Good
11128759,laeken,1020,145000,appartment,apartment,for-sale,2,62,1,0,0,,,,,0,To renovate
11128632,chaudfontaine,4052,710000,house,exceptional-property,for-sale,5,290,1,0,0,40,1800,1937,,0,
11128772,li%C3%A8ge,4020,235000,house,house,for-sale,5,,1,0,0,,,,,0,Good
11128769,edegem,2650,289900,house,house,for-sale,4,187,1,0,0,15,,86,,0,To renovate
11128633,chaudfontaine,4052,710000,house,apartment-block,for-sale,5,290,1,0,0,40,1800,1937,,0,
11116530,schaerbeek,1030,540000,house,mixed-use-building,for-sale,4,250,1,0,0,,,75,,0,Good
11128775,hoboken,2660,349000,house,house,for-sale,4,175,1,0,0,,77,180,,0,To be done up
11128778,nettinne,5377,325000,house,house,for-sale,4,258,1,0,1,,1360,1360,,0,To renovate
11128774,lierde,9570,431925,house,house,for-sale,3,209,1,0,0,23,,532,,0,As new
11128779,de%20panne,8660,215000,appartment,apartment,for-sale,2,55,1,1,0,,,,,0,
11128780,boortmeerbeek,3190,795000,house,apartment-block,for-sale,8,486,1,0,0,,,950,,0,To renovate
11128781,soignies,7060,295000,appartment,apartment,for-sale,3,90,1,0,0,22,259,,,0,
11128814,geel%20%28geel%29,2440,525000,house,house,for-sale,4,310,1,0,0,,,683,,0,
11128831,antwerpen%20berchem,2600,469000,house,mansion,for-sale,5,233,1,0,0,25,,140,,0,To be done up
11128825,antwerpen,2180,235000,appartment,apartment,for-sale,2,80,1,0,0,,,,,0,Just renovated
11128815,zottegem,9620,349000,house,house,for-sale,3,148,1,0,0,,,572,,0,
11128832,hoboken,2660,175000,appartment,apartment,for-sale,2,87,1,0,0,4,,,,0,Good
11128844,gent%20sint-denijs-westrem,9051,459000,appartment,apartment,for-sale,2,108,1,0,0,4,,,,0,As new
11128830,brussels%20city,1000,469000,appartment,apartment,for-sale,2,96,1,0,0,8,,,,0,As new
11128846,gent%20sint-denijs-westrem,9051,398000,appartment,apartment,for-sale,2,95,1,0,0,3,,,,0,As new
11128847,gent%20sint-denijs-westrem,9051,369000,appartment,apartment,for-sale,2,85,1,0,0,5,,,,0,As new
11128639,mol,2400,235000,appartment,ground-floor,for-sale,2,104,1,0,0,25,,,,0,Good
11128635,tubize,1480,350000,house,mixed-use-building,for-sale,2,104,1,0,0,,,760,,0,To renovate
11128640,dessel,2480,675000,house,exceptional-property,for-sale,3,250,1,0,0,,,2299,,0,As new
11128641,mol,2400,925000,appartment,apartment,for-sale,2,217,1,0,0,70,,,,0,As new
11128642,jette,1090,175000,appartment,apartment,for-sale,1,59,1,0,0,,,,,0,To be done up
11128643,jette,1090,1250000,house,mixed-use-building,for-sale,8,370,1,0,0,,,200,,0,Good
11128645,braine-le-comte,7090,299000,house,mixed-use-building,for-sale,1,197,1,0,0,,129,279,,0,Good
11128648,huy%20ben-ahin,4500,299000,house,house,for-sale,2,112,1,0,0,,1025,1025,,0,Good
11128644,ninove,9400,269000,house,house,for-sale,2,143,1,0,0,30,270,394,,0,As new
11128647,nandrin,4550,649000,house,mixed-use-building,for-sale,,360,1,0,0,,,1098,,0,Good
11128649,malmedy,4960,215000,house,house,for-sale,2,69,1,0,0,,,110,,0,Good
10949770,binche,7130,145000,house,house,for-sale,2,94,1,0,0,33,,60,,0,To be done up
11128676,amay,4540,275000,house,house,for-sale,3,130,1,0,0,20,550,643,,0,As new
11073615,oedelem,8730,385000,house,house,for-sale,3,160,1,0,0,,,272,,0,
11128681,assebroek,8310,319000,house,house,for-sale,3,178,1,0,1,25,127,243,,0,Good
10752968,schaerbeek,1030,405000,house,house,for-sale,,,1,0,0,,,,,0,
11128683,uccle,1180,250000,appartment,apartment,for-sale,1,65,1,0,0,,,,,0,To be done up
11126144,schaerbeek,1030,900000,house,apartment-block,for-sale,5,330,1,0,0,21,73,180,,0,Good
11128684,uccle,1180,329000,appartment,apartment,for-sale,2,80,1,0,0,15,,,,0,To be done up
11092265,schaerbeek,1030,Starting price : 100000,house,house,for-sale,6,,1,0,0,,,,,0,
11028075,schaerbeek,1030,2200000,house,mansion,for-sale,9,550,1,0,0,,,500,,0,As new
11101535,schaarbeek,1030,650000,house,mansion,for-sale,9,,1,0,0,,1,,,0,To renovate
10308193,schaerbeek,1030,789000,house,apartment-block,for-sale,,800,1,0,0,,,,,0,To be done up
11065070,schaerbeek,1030,Starting price : 265000,house,apartment-block,for-sale,5,,1,0,0,,,81,,0,
11049882,schaerbeek,1030,Starting price : 980000,house,house,for-sale,1,,1,0,0,,,883,,0,
11045972,schaerbeek,1030,Starting price : 400000,house,apartment-block,for-sale,6,,1,0,0,,,105,,0,
11113797,schaerbeek,1030,799000,house,apartment-block,for-sale,6,,1,0,0,,300,,,0,
10063112,schaerbeek,1030,835000,house,apartment-block,for-sale,,320,1,0,0,,50,,,0,Good
11087614,schaerbeek,1030,Starting price : 100000,house,house,for-sale,2,,1,0,0,,,30,,0,
10884469,schaerbeek,1030,699000,house,apartment-block,for-sale,,285,1,0,0,,36,,,0,
10973007,schaerbeek,1030,459000,house,house,for-sale,5,,1,0,0,4,26,,,0,
10964311,schaerbeek,1030,825000,house,house,for-sale,5,340,1,0,0,20,85,190,,0,To renovate
10891324,schaerbeek,1030,425000,house,house,for-sale,7,280,1,0,0,,,70,,0,To be done up
11044220,schaerbeek,1030,395000,house,house,for-sale,3,174,1,0,0,20,93,,,0,
11031917,schaarbeek,1030,417000,house,house,for-sale,3,205,1,0,0,,103,,,0,To be done up
11010305,schaerbeek,1030,550000,house,house,for-sale,8,213,1,0,0,,,65,,0,Good
11059998,schaerbeek,1030,350000,house,house,for-sale,7,180,1,0,0,75,45,150,,0,
11090446,schaerbeek,1030,319000,house,house,for-sale,7,164,1,0,0,23,,,,0,To renovate
11092700,schaerbeek,1030,695000,house,town-house,for-sale,4,263,1,0,0,,,,,0,As new
11086655,schaerbeek,1030,539000,house,house,for-sale,4,222,1,0,0,14,40,,,0,As new
10892296,schaerbeek,1030,365000,house,house,for-sale,6,206,0,0,0,,20,95,,0,
10583541,schaarbeek,1030,545000,house,mansion,for-sale,4,266,1,0,1,20,40,150,,0,Good
11064872,schaerbeek,1030,499000,house,house,for-sale,4,308,1,0,0,37,87,,,0,Good
11102355,schaerbeek,1030,2900000,house,apartment-block,for-sale,4,875,1,0,0,15,230,162,,0,Good
11127427,bruxelles,1000,995000,house,apartment-block,for-sale,10,630,1,0,0,30,,200,,0,Good
11129556,namur,5000,250000,appartment,apartment,for-sale,2,104,1,0,0,17,,,,0,As new
11129507,herbeumont,6887,425000,house,manor-house,for-sale,14,,1,0,0,,,590,,0,To renovate
11129508,knokke,8300,545000,appartment,apartment,for-sale,2,74,1,0,0,,,,,0,
11129510,knokke,8300,635000,appartment,apartment,for-sale,2,,1,0,0,,,,,0,
11129511,bertrix,6880,260000,house,villa,for-sale,5,,1,0,0,,,1500,,0,
11129509,herbeumont,6887,425000,house,manor-house,for-sale,14,,1,0,0,,,590,,0,To renovate
11129513,knokke,8300,765000,appartment,apartment,for-sale,3,90,1,0,0,,,,,0,As new
11129514,knokke,8300,295000,appartment,apartment,for-sale,2,65,1,0,0,,,,,0,To be done up
11129512,knokke,8300,415000,appartment,apartment,for-sale,2,85,1,0,0,,,,,0,
11129516,knokke,8300,1350000,appartment,apartment,for-sale,2,75,1,0,0,,,,,0,
11129519,knokke,8300,330000,appartment,flat-studio,for-sale,,,1,0,0,,,,,0,
11129520,nieuwpoort,8620,320000,appartment,apartment,for-sale,2,65,1,1,0,5,,,,0,To be done up
11129522,westerlo,2260,1150000,house,house,for-sale,5,267,1,0,1,,,2445,,0,As new
11129525,mechelen,2800,281606,appartment,service-flat,for-sale,1,60,1,0,0,5,,,,0,
11129517,knokke,8300,395000,appartment,apartment,for-sale,1,58,1,0,0,,,,,0,
11129524,mechelen,2800,321935,appartment,service-flat,for-sale,1,72,1,0,0,9,,,,0,
11129526,mechelen,2800,316813,appartment,service-flat,for-sale,1,71,1,0,0,6,,,,0,
11129527,mechelen,2800,310000,appartment,service-flat,for-sale,1,72,1,0,0,7,,,,0,
11129531,evergem,9940,399000,house,house,for-sale,3,235,1,0,0,,,604,,0,Good
11129544,oostende,8400,335000,appartment,apartment,for-sale,2,107,1,0,0,,,,,0,Good
11129545,bilzen,3740,295000,house,farmhouse,for-sale,3,212,1,0,0,,1600,2751,,0,Good
11129552,kortemark,8610,559000,house,house,for-sale,4,336,1,0,0,,,904,,0,Good
11129563,lier,2500,319000,house,house,for-sale,3,125,1,0,0,,25,102,,0,Good
11129550,de%20haan,8420,99000,appartment,apartment,for-sale,2,48,1,0,0,,,,,0,Good
11129564,lier,2500,279000,house,house,for-sale,3,125,1,0,0,,25,102,,0,Good
11129566,wevelgem,8560,249000,house,house,for-sale,3,195,1,0,0,,,410,,0,Good
11129560,de%20klinge,9170,534000,house,house,for-sale,4,224,1,0,0,,578,823,,0,Good
11129567,de%20panne,8660,140000,appartment,apartment,for-sale,1,42,1,0,0,,,,,0,To be done up
11129568,oostende,8400,117000,appartment,duplex,for-sale,3,,1,0,0,,,,,0,To renovate
10666016,pentagone-bruxelles,1000,1290000,house,apartment-block,for-sale,5,526,1,0,0,16,,105,,0,
11129571,blankenberge,8370,289000,appartment,apartment,for-sale,2,78,1,0,0,8,,,,0,Good
10825352,bruxelles,1000,799000,house,house,for-sale,6,430,1,0,0,,,10,,0,
10923264,bruxelles,1000,379000,house,house,for-sale,6,200,1,0,0,,,75,,0,To be done up
11061689,bruxelles,1000,565000,house,house,for-sale,5,265,1,0,0,,,110,,0,To be done up
11094009,brussels,1000,845000,house,mixed-use-building,for-sale,7,800,1,0,0,40,,266,,0,To renovate
10941385,bruxelles,1000,1390000,house,house,for-sale,5,322,1,0,1,,,,,0,As new
11027694,bruxelles,1000,1395000,house,apartment-block,for-sale,6,320,1,0,0,,,100,,0,
11045095,bruxelles,1000,965000,house,apartment-block,for-sale,8,663,1,0,0,12,,251,,0,As new
11116474,bruxelles,1000,1150000,house,mixed-use-building,for-sale,6,400,1,0,0,15,,233,,0,Good
10979848,bruxelles-ville,1000,950000,house,apartment-block,for-sale,7,495,1,0,0,,,195,,0,As new
10492935,bruxelles,1000,410000,house,house,for-sale,2,100,1,0,0,10,,109,,0,As new
11122899,bruxelles,1000,1200000,house,apartment-block,for-sale,4,270,1,1,0,,,,,0,As new
11127207,bruxelles,1000,445000,house,house,for-sale,4,162,1,0,0,8,,60,,0,Just renovated
10378811,brussels,1000,695000,house,apartment-block,for-sale,5,290,1,1,0,12,,,,0,Good
10540761,brussel,1000,1290000,house,house,for-sale,4,700,1,0,0,,,339,,0,Good
10800986,bruxelles,1000,945000,house,apartment-block,for-sale,4,300,1,0,0,36,36,156,,0,To be done up
11121228,bruxelles,1000,1400000,house,apartment-block,for-sale,,448,1,0,0,15,,152,,0,To renovate
10990259,brussels,1000,1300000,house,mixed-use-building,for-sale,6,518,1,0,0,100,200,330,,0,To renovate
10817855,bruxelles,1000,1030000,house,house,for-sale,4,327,1,0,0,,250,366,,0,To be done up
10694104,bruxelles-ville,1000,2495000,house,apartment-block,for-sale,12,818,0,0,0,,,190,,0,Just renovated
10676542,brussels-city,1000,320000,house,apartment-block,for-sale,4,180,1,0,0,,,45,,0,Good
11115382,bruxelles,1000,895000,house,exceptional-property,for-sale,4,277,1,0,0,14,52,,,0,Good
11091504,brussels,1000,495000,house,house,for-sale,3,246,1,0,0,44,15,155,,0,To renovate
9402335,bruxelles,1000,1400000,house,mixed-use-building,for-sale,3,568,1,0,0,,,196,,0,Just renovated
10815556,bruxelles,1000,360000,house,house,for-sale,4,135,1,0,0,,,45,,0,Good
11124185,bruxelles,1000,925000,house,apartment-block,for-sale,6,550,1,0,0,40,,200,,0,Good
10994408,bruxelles,1000,515000,house,mixed-use-building,for-sale,3,134,1,0,0,,,43,,0,As new
10965913,brussels,1000,450000,house,house,for-sale,4,210,1,0,0,,,225,,0,Good
10653822,bruxelles,1000,1950000,house,mansion,for-sale,6,497,1,0,0,24,40,242,,0,Good
11114621,schaerbeek,1030,525000,house,house,for-sale,3,200,1,0,0,,,,,0,
11128789,deinze,9800,445000,house,house,for-sale,4,160,1,0,0,,,256,,0,Good
11128782,heure,5377,125000,appartment,country-cottage,for-sale,2,53,1,1,1,13,,66,,0,Good
10973072,schaerbeek,1030,575000,house,house,for-sale,3,194,1,0,0,,,96,,0,Good
11128790,li%C3%A8ge,4020,229000,house,mixed-use-building,for-sale,4,150,1,0,0,,,53,,0,To renovate
10934769,charleroi,6000,97500,appartment,apartment,for-sale,2,91,1,0,0,,,,,0,
10851000,sinsin,5377,410000,house,villa,for-sale,4,225,1,0,1,,349,349,,0,Just renovated
11128794,petit-enghien,7850,365000,house,apartment-block,for-sale,4,163,1,0,0,30,,2191,,0,
11128805,gavere,9890,392000,house,house,for-sale,3,197,1,0,0,10,16,223,,0,As new
11128801,brussels,1000,598000,appartment,apartment,for-sale,3,250,1,0,0,4,,,,0,
11128796,petit-enghien,7850,365000,house,house,for-sale,4,163,1,0,0,30,,2191,,0,
11128807,gavere,9890,365000,house,house,for-sale,3,174,1,0,0,9,15,198,,0,As new
11128809,gavere,9890,370000,house,house,for-sale,3,176,1,0,0,9,15,200,,0,As new
11128811,fl%C3%A9nu,7012,170000,appartment,apartment,for-sale,2,126,1,0,0,2,,,,0,Good
11027329,eugies,7080,159000,appartment,apartment,for-sale,3,105,1,0,0,27,,,,0,
11128810,ixelles,1050,630000,house,house,for-sale,2,110,1,0,0,4,,,,0,As new
11128813,geel%20%28geel%29,2440,450000,house,house,for-sale,2,150,0,0,0,,,6954,,0,
11044993,schaerbeek,1030,659000,house,mansion,for-sale,5,265,1,1,0,14,,80,,0,As new
11128802,saint-gilles,1060,598000,appartment,apartment,for-sale,3,250,1,0,0,4,,,,0,
10939970,schaerbeek,1030,515000,house,house,for-sale,4,180,1,0,0,,90,140,,0,To renovate
11050435,schaerbeek,1030,375000,house,apartment-block,for-sale,5,215,1,0,0,,,95,,0,
11092497,schaerbeek,1030,699000,house,apartment-block,for-sale,4,396,1,0,0,2,,140,,0,Good
10833645,schaerbeek,1030,975000,house,apartment-block,for-sale,,340,1,0,0,12,,178,,0,Good
11120993,schaerbeek,1030,700000,house,house,for-sale,6,281,1,0,0,19,90,165,,0,Just renovated
11128812,geel%20%28geel%29,2440,275000,house,house,for-sale,1,68,1,0,0,,,4500,,0,
11097242,schaerbeek,1030,350000,house,house,for-sale,5,177,0,0,0,10,50,165,,0,To renovate
11086373,schaerbeek,1030,550000,house,house,for-sale,4,237,1,0,0,,,110,,0,Good
10513232,schaerbeek,1030,1500000,house,exceptional-property,for-sale,8,492,1,0,0,,368,503,,0,Good
10933992,schaerbeek,1030,800000,house,house,for-sale,6,326,0,0,0,4,70,210,,0,To be done up
11060201,schaerbeek,1030,745000,house,apartment-block,for-sale,4,380,1,0,0,14,26,190,,0,Good
10871988,schaerbeek,1030,795000,house,apartment-block,for-sale,,350,1,0,0,20,70,155,,0,To renovate
11045399,schaerbeek,1030,380000,house,house,for-sale,4,165,1,0,0,7,7,,,0,Good
10557318,schaerbeek,1030,580000,house,house,for-sale,4,204,1,0,0,14,51,130,,0,Good
10931493,schaerbeek,1030,695000,house,house,for-sale,4,251,1,0,0,10,30,100,,0,Good
10914078,schaerbeek,1030,595000,house,apartment-block,for-sale,6,260,1,0,0,,,114,,0,Good
11108088,schaerbeek,1030,749000,house,apartment-block,for-sale,3,450,0,0,0,,,,,0,To be done up
10367111,schaerbeek,1030,600000,house,apartment-block,for-sale,9,370,1,0,0,8,,370,,0,Good
11096488,schaerbeek,1030,995000,house,house,for-sale,5,295,1,0,0,,,370,,0,Good
10565759,schaerbeek,1030,1200000,house,apartment-block,for-sale,9,485,1,0,0,32,58,185,,0,As new
11115383,schaerbeek,1030,985000,house,house,for-sale,5,341,1,0,0,12,90,235,,0,Just renovated
10754807,schaerbeek,1030,995000,house,exceptional-property,for-sale,6,312,1,0,0,62,45,225,,0,As new
10942473,schaerbeek,1030,895000,house,house,for-sale,5,310,1,0,0,1,50,124,,0,As new
10625096,schaerbeek,1030,650000,house,house,for-sale,5,320,1,0,0,20,80,150,,0,As new
11091508,schaerbeek,1030,475000,house,house,for-sale,4,203,1,0,0,8,,65,,0,Good
11077228,schaerbeek,1030,415000,house,house,for-sale,6,175,1,0,0,2,,61,,0,Good
11128852,koningshooikt,2500,340000,house,house,for-sale,4,163,1,0,0,,,536,,0,Good
11045861,schaerbeek,1030,375000,house,house,for-sale,6,230,0,0,0,10,30,105,,0,To renovate
11120388,schaerbeek,1030,850000,house,house,for-sale,8,382,1,0,0,,70,382,,0,Good
10625094,schaerbeek,1030,650000,house,apartment-block,for-sale,3,320,1,0,0,20,80,150,,0,As new
11128851,willebroek,2830,217000,appartment,apartment,for-sale,1,60,1,0,0,14,,,,0,Good
11019706,londerzeel,1840,448000,house,town-house,for-sale,3,160,1,0,0,6,,61,,0,As new
11128860,marbais,1495,329000,house,house,for-sale,4,330,1,0,0,,350,534,,0,To renovate
11128858,li%C3%A8ge,4020,139000,house,house,for-sale,2,97,1,0,0,22,,81,,0,To be done up
11128862,bouillon,6830,375000,house,house,for-sale,4,147,1,0,0,,,650,,0,
11128873,sint-martens-latem,9830,1372000,appartment,apartment,for-sale,2,187,1,0,0,38,,,,0,As new
11128863,rendeux,6987,465000,house,house,for-sale,5,243,1,0,0,,1000,1073,,0,
11128874,bruxelles,1000,350000,appartment,apartment,for-sale,2,85,1,0,0,,,,,0,Good
10998895,bertrix,6880,99000,house,house,for-sale,3,115,0,0,0,,,461,,0,To renovate
10979826,vielsalm,6690,340000,house,house,for-sale,4,152,1,0,0,,,603,,0,Good
11128880,koekelberg,1081,299000,appartment,apartment,for-sale,2,95,1,0,0,,,,,0,
11128886,viroinval,5670,180000,house,house,for-sale,4,275,1,0,0,,,205,,0,Good
11128881,ganshoren,1083,215000,appartment,apartment,for-sale,2,71,1,0,0,,,,,0,
11128887,viroinval,5670,180000,appartment,country-cottage,for-sale,4,275,1,0,0,,,205,,0,Good
11128889,viroinval,5670,180000,house,manor-house,for-sale,4,275,1,0,0,,,205,,0,Good
11128892,fl%C3%A9malle-grande,4400,475000,house,apartment-block,for-sale,,263,1,0,0,,,,,0,Good
11128890,viroinval,5670,180000,house,exceptional-property,for-sale,4,275,1,0,0,,,205,,0,Good
10870905,bruxelles,1020,1580000,house,mixed-use-building,for-sale,8,600,1,0,0,70,,,,0,
11076212,bruxelles-2,1020,380000,house,house,for-sale,4,208,1,0,0,,25,,,0,
10658125,bruxelles,1020,390000,house,house,for-sale,7,250,1,0,0,,,,,0,
11111015,schaerbeek,1030,589000,house,apartment-block,for-sale,4,200,1,0,0,3,90,180,,0,Good
11122274,schaerbeek,1030,460000,house,mixed-use-building,for-sale,5,200,0,0,0,12,,125,,0,To renovate
10866689,bruxelles,1020,330000,house,mixed-use-building,for-sale,4,180,1,0,0,,,,,0,Good
10959558,laeken,1020,295000,house,house,for-sale,4,160,1,0,0,,20,,,0,
10855522,bruxelles,1020,1285000,house,mixed-use-building,for-sale,7,,0,0,0,,,,,0,
11053459,bruxelles,1020,399000,house,apartment-block,for-sale,4,195,1,0,0,22,97,198,,0,To renovate
10940048,bruxelles,1020,650000,house,house,for-sale,4,211,1,0,0,,75,,,0,Good
11079293,bruxelles,1020,585000,house,house,for-sale,5,210,1,0,0,,,160,,0,
11053461,bruxelles,1020,399000,house,house,for-sale,4,195,1,0,0,22,97,198,,0,To renovate
11002534,bruxelles,1020,650000,house,house,for-sale,5,231,1,0,1,1,1,252,,0,As new
10745567,laken,1020,1300000,house,house,for-sale,6,500,1,0,0,20,200,580,,0,To be done up
11094977,laken-brussel,1020,850000,house,apartment-block,for-sale,,609,1,0,0,,,190,,0,
10922387,bruxelles,1020,285000,house,house,for-sale,4,210,1,0,0,13,75,145,,0,To renovate
10986696,bruxelles,1020,400000,house,house,for-sale,5,235,1,0,1,40,65,185,,0,To renovate
10890654,bruxelles,1020,1100000,house,exceptional-property,for-sale,4,330,1,0,0,,300,725,,0,To renovate
10924448,bruxelles,1020,1480000,house,apartment-block,for-sale,14,675,1,1,0,10,,250,,0,As new
10858504,bruxelles,1020,999000,house,apartment-block,for-sale,7,,1,0,0,,,,,0,Good
10180733,bruxelles,1020,660000,house,apartment-block,for-sale,9,,1,0,0,,,,,0,Good
11075702,bruxelles-2,1020,370000,house,house,for-sale,4,151,1,0,0,6,40,90,,0,
11071176,laken,1020,650000,house,house,for-sale,4,205,1,0,0,,,208,,0,
11126543,bruxelles,1020,525000,house,mixed-use-building,for-sale,4,280,1,0,0,,,,,0,To be done up
11116094,brussels-city,1020,960000,house,apartment-block,for-sale,6,,1,0,0,,,201,,0,Good
10955153,laeken-bru,1020,610000,house,house,for-sale,4,220,1,0,0,,,,,0,
11128685,geraardsbergen,9500,495000,house,house,for-sale,6,300,1,0,0,40,110,313,,0,Good
10927728,brussel,1020,365000,house,house,for-sale,2,85,1,0,0,,,179,,0,
10732623,bruxelles,1020,689000,house,apartment-block,for-sale,6,340,1,0,0,,,,,0,As new
11047312,laeken,1020,549000,house,house,for-sale,7,290,1,0,0,28,18,,,0,As new
11035360,lauwe,8930,295000,appartment,apartment,for-sale,3,172,1,0,0,,,,,0,Good
11128703,rongy,7623,270000,house,villa,for-sale,3,160,1,0,0,20,700,,,0,Good
11128710,braine-le-comte,7090,195000,house,house,for-sale,3,120,1,0,0,23,190,295,,0,Good
11025119,zonhoven,3520,475722,house,house,for-sale,3,193,1,0,0,,,818,,0,
11128700,mechelen,2800,235000,appartment,apartment,for-sale,3,123,1,0,0,,,,,0,
11128702,li%C3%A8ge,4000,245000,house,house,for-sale,3,150,1,0,0,,,240,,0,
11128711,woluwe-saint-lambert,1200,435000,appartment,apartment,for-sale,2,117,1,0,0,6,,,,0,As new
11128718,rongy,7623,40000,house,house,for-sale,1,80,0,0,0,,90,,,0,To restore
11128715,ghislenghien,7822,329500,house,house,for-sale,4,150,1,0,0,,,808,,0,Good
11128719,rongy,7623,40000,house,house,for-sale,1,80,0,0,0,,90,,,0,To restore
11128722,waasmunster,9250,745000,house,villa,for-sale,3,322,1,0,1,,,1484,,0,Good
11129457,deerlijk,8540,396500,house,house,for-sale,3,,1,1,0,,,222,,0,As new
11129463,zonhoven,3520,450000,house,house,for-sale,3,162,1,0,0,,,400,,0,
11129460,zonhoven,3520,330000,house,house,for-sale,3,158,1,0,0,,,400,,0,
11129459,zonhoven,3520,380000,house,house,for-sale,3,162,1,0,0,,,400,,0,
11129464,zonhoven,3520,450000,house,house,for-sale,3,158,1,0,0,,,400,,0,
11129455,antheit,4520,259000,house,house,for-sale,3,209,1,0,0,,,588,,0,Good
11129465,evere,1140,349000,house,house,for-sale,3,120,1,0,0,,47,,,0,To restore
11129468,molenbeek-saint-jean,1080,499000,house,apartment-block,for-sale,6,400,1,0,0,,,,,0,To renovate
11129470,fosses-la-ville,5070,100000,house,apartment-block,for-sale,4,262,0,0,0,,,124,,0,
11129467,mortsel,2640,209000,appartment,ground-floor,for-sale,1,55,1,0,0,30,106,,,0,Good
10879673,schaerbeek,1030,550000,house,house,for-sale,4,196,1,0,0,,35,141,,0,To be done up
11129471,fosses-la-ville,5070,100000,house,mixed-use-building,for-sale,4,262,0,0,0,,,124,,0,
10853106,schaerbeek,1030,780000,house,house,for-sale,5,314,1,0,0,15,,265,,0,To renovate
11128724,couillet,6010,230000,house,apartment-block,for-sale,4,180,1,0,0,,,,,0,As new
10797530,laeken,1020,429000,house,house,for-sale,3,157,1,0,1,10,80,,,0,
11128723,bouffioulx,6200,420000,house,apartment-block,for-sale,7,360,1,0,0,,,120,,0,
11128725,uccle,1180,335000,appartment,apartment,for-sale,2,114,1,0,0,,,,,0,Good
10855744,balen,2490,549000,house,villa,for-sale,3,295,1,0,0,,,2044,,0,Good
11128732,vilvoorde,1800,260000,house,house,for-sale,3,110,1,0,0,,,350,,0,
11128729,desselgem,8792,239000,house,house,for-sale,3,143,1,0,0,,,283,,0,
11128734,westkapelle,8300,890000,house,villa,for-sale,6,320,1,0,0,,,819,,0,Good
11128731,li%C3%A8ge,4020,215000,house,apartment-block,for-sale,,,0,0,0,,,175,,0,To restore
11128736,meulebeke,8760,169000,house,house,for-sale,3,100,1,0,0,,,34,,0,Good
11128741,stembert,4801,180000,house,house,for-sale,3,124,1,0,0,,,135,,0,
11128740,heusy,4802,380000,house,house,for-sale,5,171,1,0,0,20,,430,,0,
11128744,harelbeke,8530,630000,house,villa,for-sale,3,295,1,0,0,,,867,,0,
11128737,olloy-sur-viroin,5670,145000,house,house,for-sale,4,188,1,0,0,,,727,,0,To be done up
11128753,adinkerke,8660,279000,house,house,for-sale,3,154,1,0,1,35,,146,,0,Good
11128745,deerlijk,8540,307000,house,house,for-sale,3,134,1,0,0,,,286,,0,Good
11128758,laeken,1020,149000,appartment,apartment,for-sale,2,62,1,0,0,16,,,,0,To renovate
11097278,schaerbeek,1030,750000,house,apartment-block,for-sale,3,290,1,0,0,,,60,,0,
11128748,fl%C3%A9malle,4400,279000,house,house,for-sale,4,132,0,0,0,,200,264,,0,
11094936,schaerbeek,1030,245000,house,house,for-sale,4,170,1,0,0,,,45,,0,To renovate
10511947,schaerbeek,1030,825000,house,apartment-block,for-sale,4,285,1,0,0,6,,85,,0,Good
10511948,schaerbeek,1030,699000,house,apartment-block,for-sale,5,225,1,0,0,12,,45,,0,As new
11097853,schaerbeek,1030,680000,house,house,for-sale,4,304,1,0,0,,,80,,0,
11119768,schaerbeek,1030,380000,house,house,for-sale,5,175,1,0,0,9,,55,,0,To restore
10932607,schaarbeek,1030,475000,house,house,for-sale,4,225,1,0,0,,43,120,,0,
10835843,schaerbeek,1030,1250000,house,house,for-sale,5,300,1,0,0,15,60,129,,0,Good
11042801,schaerbeek,1030,550000,house,house,for-sale,5,218,1,0,0,13,,65,,0,To be done up
11121085,schaerbeek,1030,625000,house,apartment-block,for-sale,4,,0,0,0,,,,,0,To be done up
11064787,schaerbeek,1030,595000,house,apartment-block,for-sale,4,263,1,0,0,,45,150,,0,Just renovated
10423863,schaerbeek,1030,1250000,house,house,for-sale,5,495,1,0,0,26,230,340,,0,To be done up
10011344,schaerbeek,1030,595000,house,apartment-block,for-sale,4,270,1,0,0,,245,330,,0,To renovate
11097761,schaerbeek,1030,400000,house,house,for-sale,4,210,0,0,0,,18,,,0,To renovate
11000347,schaerbeek,1030,785000,house,house,for-sale,6,280,1,0,0,28,110,421,,0,Good
11128735,sint-niklaas,9111,415000,house,house,for-sale,3,228,1,0,0,,,388,,0,Good
11115953,schaerbeek,1030,550000,house,house,for-sale,4,188,1,0,0,,,115,,0,As new
10810528,schaerbeek,1030,625000,house,apartment-block,for-sale,3,233,1,0,0,,105,190,,0,Good
11077998,schaerbeek,1030,975000,house,apartment-block,for-sale,6,430,1,0,0,,142,418,,0,Good
10837452,bruxelles,1030,775000,house,house,for-sale,5,320,1,0,1,13,16,,,0,As new
11119621,schaerbeek,1030,1250000,house,house,for-sale,6,435,1,0,0,,,253,,0,As new
11111846,schaerbeek,1030,475000,house,apartment-block,for-sale,4,213,1,0,0,,40,228,,0,
11063477,schaerbeek,1030,850000,house,house,for-sale,5,233,1,0,0,14,50,178,,0,Good
11099841,bruxelles,1030,3300000,house,mixed-use-building,for-sale,,785,1,0,0,120,50,372,,0,As new
11031039,schaerbeek,1030,1285000,house,house,for-sale,6,445,1,0,0,25,,244,,0,To renovate
11021494,schaerbeek,1030,750000,house,house,for-sale,5,300,0,0,1,,,530,,0,To renovate
10566484,schaerbeek,1030,695000,house,house,for-sale,5,245,0,0,0,20,30,105,,0,To be done up
10925581,schaerbeek,1030,645000,house,apartment-block,for-sale,4,310,1,0,0,,,135,,0,To be done up
10904124,schaerbeek,1030,350000,house,house,for-sale,4,178,0,0,0,,,64,,0,To renovate
11094123,schaerbeek,1030,1195000,house,exceptional-property,for-sale,8,488,1,0,0,,128,305,,0,Good
11129474,fosses-la-ville,5070,100000,appartment,apartment,for-sale,4,262,0,0,0,,,,,0,
11129475,fosses-la-ville,5070,100000,house,house,for-sale,4,262,0,0,0,,,124,,0,
11129481,nijlen,2560,238000,appartment,apartment,for-sale,2,82,1,0,0,,,,,0,
11129479,westende,8434,134000,appartment,duplex,for-sale,2,44,1,0,0,,,,,0,
11129480,leuven,3000,335000,appartment,apartment,for-sale,2,83,1,0,0,,,,,0,
11129482,neufch%C3%A2teau,6840,115000,house,house,for-sale,3,174,1,0,0,,,298,,0,
10982886,brugge,8200,210000,house,house,for-sale,3,89,1,0,0,,,405,,0,To restore
11129496,ingelmunster,8770,189000,house,house,for-sale,3,,1,0,0,,,270,,0,
11129489,berchem-sainte-agathe,1082,349000,appartment,apartment,for-sale,3,102,1,0,0,,112,,,0,
11129485,ciney%20ach%C3%AAne,5590,495000,house,house,for-sale,3,180,1,0,0,200,850,1140,,0,As new
11129490,bruxelles%20%201,1000,139000,appartment,flat-studio,for-sale,,45,1,0,0,,,,,0,
11129497,ingelmunster,8770,198500,house,house,for-sale,3,,1,0,0,,,343,,0,To renovate
11129492,woluwe-saint-pierre,1150,1090000,appartment,triplex,for-sale,4,296,1,0,0,18,287,,,0,Good
11129503,brasschaat,2930,1650000,house,house,for-sale,8,366,1,0,0,,100,230,,0,
11129505,knokke,8300,1795000,appartment,apartment,for-sale,3,,1,0,0,,,,,0,
11054497,bruxelles,1000,1297000,house,mixed-use-building,for-sale,5,397,1,1,0,12,,69,,0,As new
10452091,bruxelles,1000,8000000,house,apartment-block,for-sale,,1950,1,0,1,,,900,,0,Good
11065975,nord-est-bruxelles,1000,789000,house,house,for-sale,5,255,1,0,0,15,,1,,0,
10959876,bruxelles,1000,560000,house,house,for-sale,2,135,1,0,1,,,,,0,Good
11129504,knokke,8300,475000,appartment,duplex,for-sale,2,,1,0,0,,,,,0,
10269586,bruxelles,1000,1995000,house,house,for-sale,5,550,1,0,0,15,,,,0,Just renovated
11064959,bruxelles,1000,3800000,house,house,for-sale,4,450,1,0,0,20,70,,,0,As new
11128877,bruxelles,1000,1920000,house,apartment-block,for-sale,15,1200,1,0,0,60,,400,,0,Good
10974516,bruxelles,1000,1200000,house,apartment-block,for-sale,3,274,1,0,0,,,,,0,Good
10252033,bruxelles,1000,1850000,house,apartment-block,for-sale,4,468,1,0,0,,,,,0,Good
10498546,bruxelles,1000,850000,house,apartment-block,for-sale,5,250,1,0,0,,,65,,0,Good
11013179,brussels,1000,1450000,house,exceptional-property,for-sale,5,550,0,0,0,35,233,366,,0,To renovate
11028941,bruxelles,1000,1190000,house,villa,for-sale,5,350,1,0,0,40,300,734,,0,Good
10775660,bruxelles,1000,1890000,house,mansion,for-sale,6,400,1,0,0,30,40,,,0,Just renovated
11037414,bruxelles,1000,6400000,house,apartment-block,for-sale,27,1350,1,1,0,495,40,560,,0,As new
11055922,brussels-city,1000,635000,house,apartment-block,for-sale,8,268,1,0,0,,,,,0,To renovate
10984242,bruxelles,1000,495000,house,mixed-use-building,for-sale,9,260,1,0,0,,,110,,0,To be done up
11091579,brussels,1000,550000,house,apartment-block,for-sale,4,220,1,0,0,,,,,0,To be done up
10984241,bruxelles,1000,495000,house,house,for-sale,9,260,1,0,0,,,110,,0,To be done up
11093861,bruxelles,1000,1750000,house,apartment-block,for-sale,10,500,1,0,0,,,120,,0,
11063416,pentagone-bruxelles,1000,599000,house,apartment-block,for-sale,4,160,1,0,0,,,50,,0,
11045094,bruxelles,1000,580000,house,house,for-sale,4,179,1,0,0,,,80,,0,To be done up
10971627,bruxelles,1000,395000,house,house,for-sale,3,125,1,0,0,,,,,0,As new
10919998,bruxelles,1000,850000,house,mixed-use-building,for-sale,3,280,1,0,0,,,86,,0,As new
10885727,brussels,1000,1345000,house,mixed-use-building,for-sale,,1000,1,0,0,,,1000,,0,To renovate
10954063,bruxelles,1000,340000,house,mixed-use-building,for-sale,1,94,1,0,0,,,110,,0,As new
10802621,bruxelles,1000,1270000,house,apartment-block,for-sale,,205,1,0,0,,,205,,0,As new
10994733,bruxelles,1000,980000,house,exceptional-property,for-sale,4,247,1,1,0,40,40,,,0,Good
10220315,bruxelles,1000,815000,house,house,for-sale,5,214,1,0,0,,50,103,,0,To renovate
11092349,brussels-city,1000,889000,house,mixed-use-building,for-sale,7,400,1,0,0,,,,,0,To be done up
11128894,gent,9000,1372000,appartment,apartment,for-sale,2,187,1,0,0,38,,,,0,As new
11128896,boortmeerbeek,3190,299000,house,house,for-sale,2,130,1,0,0,,,552,,0,To renovate
11128897,quevy,7041,444408,house,house,for-sale,3,200,1,0,0,,,1022,,0,
10978315,westende,8434,122000,appartment,flat-studio,for-sale,,24,1,1,0,,,,,0,
11128901,berchem,2600,415000,appartment,apartment,for-sale,3,121,1,0,0,10,,,,0,Good
11128926,koksijde,8670,179000,appartment,apartment,for-sale,2,43,1,0,0,,,,,0,Good
11128910,bilzen,3740,2500,appartment,apartment,for-sale,2,96,1,0,0,15,,,,0,
11128905,de%20klinge,9170,695000,house,villa,for-sale,3,,1,0,1,30,,2720,,0,Good
11128925,de%20haan,8420,535000,appartment,apartment,for-sale,2,96,1,0,0,,,,,0,Good
11128927,gent,9000,349000,appartment,apartment,for-sale,3,97,1,0,0,,,,,0,To renovate
11128930,le%20roeulx%20villesur-haine,7070,350000,house,villa,for-sale,3,130,1,0,0,45,1075,1145,,0,As new
11120011,bruxelles,1000,1250000,house,house,for-sale,6,435,1,0,0,,,253,,0,As new
10852454,koksijde,8670,329000,appartment,apartment,for-sale,2,73,1,0,0,,,,,0,Good
11128931,brugge,8000,289000,appartment,apartment,for-sale,3,93,1,0,0,,,,,0,Good
11128932,harelbeke,8530,296000,house,house,for-sale,4,205,1,0,0,,,234,,0,Good
11128934,harelbeke,8530,218000,house,house,for-sale,,205,1,0,0,,,234,,0,Good
11128928,evere,1140,299000,appartment,apartment,for-sale,2,80,1,0,0,,,,,0,Good
11086246,schaerbeek,1030,450000,house,apartment-block,for-sale,4,150,1,0,0,,,1,,0,
11128951,geraardsbergen,9500,249000,house,house,for-sale,3,98,1,0,0,,,282,,0,Good
11128936,walhain,1457,399000,house,villa,for-sale,3,158,1,0,0,41,,1921,,0,To be done up
10754428,knokke,8300,545000,appartment,penthouse,for-sale,1,52,1,0,0,,,,,0,Good
11128948,zele,9240,145000,house,house,for-sale,2,102,0,0,0,,,52,,0,To renovate
11128952,jumet,6040,129000,house,house,for-sale,2,115,1,0,0,,100,215,,0,Good
11128963,poperinge,8970,339000,house,house,for-sale,4,237,1,0,0,,685,874,,0,
11128969,woluwe-saint-lambert,1200,1190000,house,house,for-sale,5,276,1,0,0,40,50,200,,0,As new
10827629,de%20panne,8660,150000,appartment,ground-floor,for-sale,,34,1,0,0,,,,,0,Good
10764222,knokke,8300,1099000,appartment,apartment,for-sale,2,118,1,0,0,,,,,0,Good
10470855,bruxelles,1020,729000,house,apartment-block,for-sale,,297,1,0,0,,,113,,0,
11059271,waregem,8792,434000,house,house,for-sale,4,187,1,0,0,,,380,,0,Good
10868077,laeken,1020,429000,house,house,for-sale,3,157,1,0,1,10,80,,,0,
10833915,laeken,1020,630000,house,mixed-use-building,for-sale,6,277,1,0,0,,,71,,0,To be done up
11046570,bruxelles-2,1020,1150000,house,villa,for-sale,4,450,1,0,1,,950,1165,,0,
10946931,laeken,1020,480000,house,house,for-sale,6,160,1,0,0,20,,,,0,Just renovated
10928160,bruxelles,1020,570000,house,apartment-block,for-sale,7,220,1,0,0,24,37,13,,0,
10816490,laeken,1020,319000,house,house,for-sale,3,120,1,0,1,9,25,,,0,
10996287,laeken,1020,319000,house,house,for-sale,3,120,1,0,1,9,25,,,0,
10737284,bruxelles,1020,880000,house,apartment-block,for-sale,7,380,1,0,0,170,,234,,0,As new
11100110,bruxelles,1020,699000,house,apartment-block,for-sale,3,240,0,0,0,,,79,,0,
11088864,bruxelles,1020,399000,house,house,for-sale,6,210,0,0,0,,44,92,,0,
11116264,laeken-bru,1020,400000,house,house,for-sale,4,270,1,0,0,,,,,0,
10938625,bruxelles,1020,409000,house,house,for-sale,4,180,1,0,0,7,,63,,0,Good
10942872,laeken,1020,399000,house,house,for-sale,3,130,1,0,0,,,45,,0,As new
10240589,laeken,1020,309000,house,house,for-sale,5,170,1,0,0,,,,,0,
10839831,bruxelles,1020,275000,house,house,for-sale,3,205,1,0,0,70,,110,,0,To renovate
10913166,laeken,1020,475000,house,house,for-sale,4,185,1,0,0,10,25,,,0,As new
10839832,bruxelles,1020,275000,house,mixed-use-building,for-sale,3,205,1,0,0,70,,110,,0,To renovate
10623630,laeken,1020,309000,house,house,for-sale,5,170,1,0,0,,,,,0,
10863817,bruxelles,1020,669000,house,apartment-block,for-sale,6,510,1,0,0,,,330,,0,As new
11000650,bruxelles,1020,450000,house,apartment-block,for-sale,5,210,1,1,0,20,85,135,,0,To be done up
10794623,bruxelles,1020,520000,house,apartment-block,for-sale,5,270,1,0,0,12,100,150,,0,Good
11026841,bruxelles,1020,369000,house,mixed-use-building,for-sale,2,100,1,0,0,20,,200,,0,Good
10787656,bruxelles,1020,469000,house,house,for-sale,7,260,0,0,0,,135,,,0,To be done up
11126809,laeken,1020,390000,house,house,for-sale,4,150,1,0,1,35,,100,,0,
10647387,laeken,1020,495000,house,house,for-sale,6,276,1,0,0,,,,,0,Good
11090755,bruxelles,1020,439000,house,apartment-block,for-sale,3,175,0,0,0,,100,180,,0,To be done up
11093277,bruxelles,1020,469000,house,house,for-sale,5,260,0,0,0,20,135,265,,0,To renovate
10887736,laken,1020,650000,house,house,for-sale,2,220,1,0,0,,,239,,0,As new
10953357,bruxelles,1020,340000,house,mixed-use-building,for-sale,5,175,1,0,0,,,65,,0,To renovate
11129392,uccle,1180,250000,appartment,apartment,for-sale,2,70,1,0,0,,,,,0,
11129393,tienen,3300,255000,house,house,for-sale,3,169,1,0,0,,120,120,,0,
11129400,lembeek,1502,230000,house,house,for-sale,3,100,1,0,0,,,220,,0,Good
11101515,tubize,1480,299000,house,villa,for-sale,3,192,1,0,0,,900,930,,0,
11129403,halle,1500,230000,house,house,for-sale,3,100,1,0,0,,,220,,0,Good
11129404,berchem-sainte-agathe,1082,289000,appartment,apartment,for-sale,3,90,1,0,0,,,,,0,
11129415,hoeilaart,1560,450000,house,villa,for-sale,5,228,1,0,0,,125,480,,0,To renovate
11101507,tubize,1480,299000,appartment,country-cottage,for-sale,3,192,1,0,0,,900,930,,0,
11129409,dendermonde,9200,449000,house,mansion,for-sale,5,301,1,0,1,,,215,,0,To be done up
11129416,schaerbeek,1030,185000,appartment,apartment,for-sale,1,61,1,0,0,2,,,,0,
11129407,li%C3%A8ge%20wandre,4020,245000,house,house,for-sale,4,129,1,0,0,25,,335,,0,
11129052,dendermonde,9200,324900,house,house,for-sale,2,128,1,0,0,45,147,317,,0,Good
11129051,falisolle,5060,350000,appartment,loft,for-sale,,,1,0,0,,,,,0,To restore
11129059,hamme,9220,388062,house,house,for-sale,3,192,0,0,0,,,422,,0,
11129054,aalst,9300,220851,appartment,apartment,for-sale,1,75,1,0,0,5,,,,0,
11129050,tamines,5060,265000,house,house,for-sale,4,239,1,0,0,,,,,0,Good
11129061,lede,9340,316405,appartment,apartment,for-sale,2,90,1,0,0,8,,,,0,
11129057,aalst,9300,315200,appartment,apartment,for-sale,1,99,1,0,0,15,,,,0,
11129425,ecaussinnes,7190,475000,house,villa,for-sale,4,175,1,0,1,,,1190,,0,Good
11129426,sint-agatha-berchem,1082,5500000,house,villa,for-sale,6,880,1,1,1,,,3113,,0,
11129433,lebbeke,9280,325000,house,house,for-sale,3,,1,0,0,,,,,0,
11129440,wavre,1300,449000,house,town-house,for-sale,4,150,1,0,0,,,340,,0,
11129427,brussels%20city,1000,5500000,house,manor-house,for-sale,6,880,1,1,1,,,3113,,0,
11129441,de%20haan,8420,445000,house,house,for-sale,3,142,1,0,0,,,463,,0,Good
11129428,sint-agatha-berchem,1082,5500000,house,mixed-use-building,for-sale,6,880,1,1,1,,,3113,,0,
11129447,boom,2850,319000,house,house,for-sale,3,143,1,0,0,,,120,,0,
11129442,saint-nicolas,4420,249000,house,house,for-sale,3,120,1,0,0,31,,90,,0,As new
11129448,quaregnon,7390,140000,house,house,for-sale,3,124,1,0,0,,,,,0,
11049426,scherpenheuvel-zichem,3270,199000,house,house,for-sale,3,104,1,0,0,,,70,,0,Good
11129449,ampsin,4540,199000,house,house,for-sale,4,166,1,0,0,30,402,597,,0,Good
10525614,dour,7370,37500,house,house,for-sale,1,,1,0,0,,,1456,,0,To restore
11129453,ixelles,1050,670000,appartment,penthouse,for-sale,3,192,1,0,0,14,,,,0,Good
11129454,deurne,2100,349000,house,house,for-sale,4,238,1,0,0,,,95,,0,Good
11129451,bernissart,7320,90000,house,house,for-sale,2,212,1,0,0,,,209,,0,To renovate
11129452,ixelles,1050,249000,appartment,apartment,for-sale,1,62,1,0,0,,,,,0,Good
11001180,bruxelles-ville,1000,2400000,house,mansion,for-sale,3,748,1,0,0,,,100,,0,As new
11026344,koekelberg,1000,2150000,house,house,for-sale,10,1200,1,1,1,,,1114,,0,Good
11076436,bruxelles,1000,650000,house,house,for-sale,,300,1,0,0,,,,,0,To renovate
11103946,bruxelles,1000,479000,house,house,for-sale,4,150,1,0,0,,,,,0,To renovate
11103500,bruxelles,1000,4250000,house,mixed-use-building,for-sale,34,2295,1,1,0,,,,,0,Good
10985971,bruxelles-ville,1000,1275000,house,house,for-sale,8,608,1,0,0,,,240,,0,
11129427,brussels-city,1000,5500000,house,manor-house,for-sale,6,880,1,1,1,,,3113,,0,
10583561,brussels-city,1000,4500000,house,exceptional-property,for-sale,5,450,1,0,0,,,1961,,0,To be done up
11102209,bruxelles,1000,1190000,house,exceptional-property,for-sale,1,120,1,0,0,,,,,0,Just renovated
10871841,bruxelles,1000,3900000,house,apartment-block,for-sale,,750,1,0,0,,,,,0,Good
11003494,bruxelles,1000,1100000,house,apartment-block,for-sale,11,506,1,0,0,65,62,270,,0,To restore
11081746,brussels-city,1000,589000,house,house,for-sale,4,195,1,0,0,,,,,0,Good
11052421,brussel,1000,2000000,house,house,for-sale,11,500,1,0,0,,,100,,0,Good
10828600,bruxelles,1000,499000,house,house,for-sale,3,123,1,0,0,,,40,,0,As new
10954554,bruxelles-1,1000,470000,house,apartment-block,for-sale,3,425,0,0,0,,,,,0,
11117215,bruxelles,1000,890000,house,mixed-use-building,for-sale,,,1,0,0,2,,,,0,Good
10397275,bruxelles,1000,1300000,house,house,for-sale,5,380,1,0,0,,102,232,,0,To be done up
11059995,bruxelles-1,1000,350000,house,house,for-sale,7,180,1,0,0,75,45,150,,0,
10764072,bruxelles,1000,550000,house,house,for-sale,2,108,1,0,0,23,,,,0,As new
11057461,bruxelles,1000,799000,house,apartment-block,for-sale,5,220,1,0,0,6,,50,,0,
10859034,bruxelles,1000,325000,house,house,for-sale,4,,0,0,0,,,,,0,Good
9776162,bruxelles,1000,1420000,house,mixed-use-building,for-sale,8,587,1,0,0,16,,129,,0,Good
10897300,bruxelles,1000,695000,house,house,for-sale,4,155,1,0,0,32,,,,0,Good
11041027,pentagone-bruxelles,1000,1300000,house,mixed-use-building,for-sale,8,399,1,0,0,,,100,,0,
10835842,bruxelles,1000,1185000,house,apartment-block,for-sale,7,320,1,0,0,50,,,,0,As new
11101727,brussels-city,1000,649000,house,house,for-sale,4,180,1,0,0,,10,,,0,Good
10582453,bruxelles,1000,3950000,house,mansion,for-sale,5,530,1,0,0,,,213,,0,As new
11053576,bruxelles,1000,1650000,house,exceptional-property,for-sale,5,635,1,0,0,23,,,,0,Just renovated
11129081,wetteren,9230,330000,appartment,apartment,for-sale,2,117,1,0,0,19,,,,0,
11129083,jemeppe-sur-sambre,5190,349000,house,villa,for-sale,3,145,1,0,0,40,400,576,,0,
10965775,bruxelles,1000,3800000,house,house,for-sale,4,513,1,0,0,20,84,200,,0,As new
11129085,rixensart,1330,695000,house,house,for-sale,4,218,1,0,0,50,600,680,,0,As new
11129197,halle,1500,229000,appartment,apartment,for-sale,1,,1,0,0,,,,,0,Just renovated
11129080,lede,9340,347533,appartment,apartment,for-sale,2,102,1,0,0,8,,,,0,
11129195,p%C3%89ruwelz,7600,150000,house,house,for-sale,4,185,1,0,0,,,181,,0,As new
11129089,hoboken,2660,575000,house,house,for-sale,7,363,0,0,0,,,202,,0,Good
11129079,aalst,9300,354500,appartment,apartment,for-sale,3,106,1,0,0,28,,,,0,
11065782,st-amandsberg,9040,350112,appartment,apartment,for-sale,3,137,1,0,0,11,,,,0,As new
10907768,chaudfontaine%20embourg,4053,545000,appartment,ground-floor,for-sale,3,126,1,0,1,40,750,,,0,
10982012,laeken,1020,699000,house,mixed-use-building,for-sale,3,240,0,0,0,,,79,,0,To renovate
11129203,saint-josse-ten-noode,1210,229000,appartment,apartment,for-sale,2,82,1,0,0,,,,,0,Good
10713709,laeken-bru,1020,499000,house,villa,for-sale,4,137,1,0,0,,468,563,,0,
10929662,laeken,1020,825000,house,apartment-block,for-sale,4,395,1,0,0,,,282,,0,Good
11129202,gent,9000,120000 + 1600 per month,appartment,apartment,for-sale,2,93,1,0,0,28,,,,0,Good
11086127,bruxelles,1020,569000,house,mansion,for-sale,4,244,1,0,1,7,35,189,,0,To renovate
11060227,laeken-bru,1020,295000,house,house,for-sale,4,160,1,0,0,,45,116,,0,To be done up
10962795,bruxelles,1020,799000,house,mansion,for-sale,5,285,1,0,0,25,300,580,,0,To be done up
11116075,laeken,1020,285000,house,house,for-sale,6,124,1,0,0,,,,,0,Good
11056126,laken-bru,1020,499000,house,house,for-sale,6,265,1,0,0,10,250,380,,0,To renovate
11052017,laeken-bruxelles,1020,725000,house,mixed-use-building,for-sale,4,320,1,0,0,12,45,320,,0,
10925477,bruxelles,1020,575000,house,apartment-block,for-sale,7,325,1,0,0,10,,81,,0,Good
11015674,bruxelles,1020,375000,house,house,for-sale,3,150,1,0,0,30,,,,0,To be done up
10662471,bruxelles,1020,495000,house,mixed-use-building,for-sale,5,330,1,0,0,23,,68,,0,Good
11042166,laeken,1020,460000,house,house,for-sale,4,159,1,0,0,20,20,189,,0,Good
11060170,bruxelles,1020,688000,house,house,for-sale,3,200,1,0,0,,500,600,,0,As new
10981863,bruxelles,1020,399000,house,house,for-sale,7,260,1,1,0,9,,100,,0,To be done up
10982371,bruxelles,1020,420000,house,house,for-sale,4,200,1,1,0,52,,118,,0,Good
11117023,bruxelles,1020,840000,house,villa,for-sale,6,438,1,0,1,100,320,674,,0,Just renovated
10662656,laeken,1020,849000,house,apartment-block,for-sale,6,300,1,0,0,15,40,185,,0,Good
10813672,laeken,1020,749000,house,apartment-block,for-sale,8,350,1,0,0,,150,270,,0,Good
10909575,laeken,1020,429000,house,house,for-sale,5,180,1,0,0,,65,179,,0,To renovate
11089049,laeken,1020,529000,house,villa,for-sale,3,240,1,0,0,,75,317,,0,Good
10917565,brussel,1020,835000,house,mixed-use-building,for-sale,,425,1,0,0,120,,,,0,To be done up
11074520,bruxelles,1020,720000,house,house,for-sale,4,370,1,0,0,60,120,290,,0,As new
10960553,laeken,1020,375000,house,mixed-use-building,for-sale,2,100,1,0,0,,,52,,0,To be done up
10687336,laeken,1020,900000,house,mansion,for-sale,9,285,1,0,0,18,105,723,,0,As new
11058037,laeken,1020,490000,house,house,for-sale,7,300,1,0,0,10,50,185,,0,To be done up
10464091,brussels-city,1020,570000,house,house,for-sale,7,220,1,0,0,24,37,13,,0,Good
11129204,bruxelles,1000,229000,appartment,apartment,for-sale,2,82,1,0,0,,,,,0,Good
10955337,laeken,1020,599000,house,apartment-block,for-sale,4,220,1,0,0,2,50,190,,0,Good
10984941,zwijndrecht,2070,298000,appartment,apartment,for-sale,2,103,1,0,0,12,,,,0,Good
11129208,kortessem,3720,1450000,house,mixed-use-building,for-sale,,930,1,0,0,,,2313,,0,
11129205,woluwe-saint-lambert,1200,210000,appartment,apartment,for-sale,1,55,1,0,0,4,,,,0,
11129207,hasselt,3500,690000,house,mixed-use-building,for-sale,4,240,1,0,0,,,112,,0,To renovate
10576930,laeken,1020,730000,house,apartment-block,for-sale,6,300,1,0,0,10,320,506,,0,To be done up
11129223,heist-op-den-berg,2220,248000,appartment,apartment,for-sale,2,105,1,0,0,,,,,0,
11129215,gent,9000,1325000,appartment,penthouse,for-sale,3,180,1,0,0,58,,,,0,As new
11129217,mons,7020,246000,appartment,apartment,for-sale,1,85,1,0,0,16,,,,0,
11129216,gent,9000,495000,appartment,ground-floor,for-sale,1,81,1,0,0,14,5,,,0,As new
11053135,bruxelles,1000,999000,house,apartment-block,for-sale,5,300,1,0,0,20,,120,,0,Good
11128974,knokke-heist,8301,1345000,appartment,apartment,for-sale,3,121,1,0,0,,,,,0,Good
11129211,wavre,1300,269000,appartment,apartment,for-sale,2,100,1,0,0,6,,,,0,Good
11128979,menen,8930,169000,house,house,for-sale,2,110,1,0,0,,33,70,,0,Good
11128980,ronse,9600,120000,house,house,for-sale,3,128,1,0,0,,,320,,0,To be done up
11128975,oostkamp,8020,195000,house,house,for-sale,2,116,1,0,0,,,452,,0,Good
11128976,mons,7000,180000,house,house,for-sale,2,80,1,0,0,30,,,,0,Good
11128977,herstal,4040,285000,house,house,for-sale,4,142,1,0,0,15,12,137,,0,Good
11128978,harelbeke,8530,269000,house,house,for-sale,2,165,1,0,0,,162,267,,0,Good
11128983,beringen,3580,310000,appartment,apartment,for-sale,3,156,1,0,0,,,,,0,Good
11129225,heist-op-den-berg,2220,360000,house,house,for-sale,3,156,1,0,0,,,2020,,0,Good
11129226,ramsel,2230,215000,house,house,for-sale,2,112,1,0,0,,,1817,,0,To renovate
11128987,koksijde,8670,469000,appartment,apartment,for-sale,3,92,1,1,0,,,,,0,As new
11128985,ternat,1740,349000,house,house,for-sale,3,134,1,0,0,,,206,,0,Good
11128984,uccle,1180,950000,house,house,for-sale,5,328,1,0,0,,85,200,,0,To be done up
11129227,blankenberge,8370,460000,house,manor-house,for-sale,5,494,1,1,0,37,,140,,0,
10340869,laeken,1020,549000,house,house,for-sale,4,205,1,0,0,6,75,210,,0,To renovate
11129239,sint-niklaas,9100,386950,appartment,duplex,for-sale,3,156,1,0,0,,,,,0,
11129229,waterloo,1410,750000,house,villa,for-sale,5,275,1,0,0,,750,1374,,0,
11129231,schoten,2900,264000,appartment,apartment,for-sale,2,89,1,0,0,6,,,,0,Just renovated
11129237,bilzen,3740,250000,house,mixed-use-building,for-sale,3,187,1,0,0,17,,173,,0,
11129241,sint-gillis-waas,9170,538000,house,house,for-sale,3,187,1,0,0,,182,598,,0,Good
11129251,brussel,1000,325000,appartment,apartment,for-sale,3,200,0,0,0,,,,,0,To renovate
11129246,assebroek,8310,435000,house,house,for-sale,3,153,1,0,0,25,112,324,,0,Just renovated
11129238,sint-niklaas,9100,386950,appartment,duplex,for-sale,3,152,1,0,0,,,,,0,
11129240,sint-niklaas,9100,372250,appartment,duplex,for-sale,3,146,1,0,0,,,,,0,
11129254,mechelen,2800,329000,house,house,for-sale,4,131,1,0,0,,,317,,0,Just renovated
11129258,jabbeke,8490,450000,house,house,for-sale,4,,1,0,0,,,898,,0,Good
11129260,herentals,2200,384000,house,town-house,for-sale,4,267,1,0,0,,,300,,0,
11104788,torhout,8820,249000,house,house,for-sale,5,186,1,0,0,,,630,,0,Good
11129261,torhout,8820,249000,house,house,for-sale,5,186,1,0,0,,,630,,0,Good
10972726,poperinge,8970,215000,house,house,for-sale,3,,1,0,0,,,120,,0,Good
11129257,varsenare,8490,549000,house,villa,for-sale,3,150,1,0,0,30,,643,,0,Good
10289295,bruxelles,1020,499000,house,house,for-sale,4,155,1,0,0,28,75,210,,0,Good
11129262,holsbeek,3220,1480000,house,villa,for-sale,5,431,1,0,0,,,11,,0,
11020820,bruxelles,1020,339000,house,house,for-sale,4,135,1,0,0,25,,120,,0,To be done up
11077825,brussels,1000,915000,appartment,other-property,for-sale,60,,1,0,0,,,,,0,Good
10864056,bruxelles,1000,1100000,house,apartment-block,for-sale,10,,1,0,0,,,,,0,As new
10945637,bruxelles,1000,2250000,house,apartment-block,for-sale,7,420,1,0,0,,,420,,0,As new
11077810,bruxelles,1000,22500000,house,mixed-use-building,for-sale,,,1,0,0,,,,,0,As new
10685042,bruxelles-1,1000,1220000,house,house,for-sale,5,325,1,0,0,20,,120,,0,
11077832,brussels,1000,4200000,house,apartment-block,for-sale,22,632,1,0,0,,,632,,0,Just renovated
11121174,bruxelles-1,1000,549000,house,apartment-block,for-sale,6,255,1,0,0,,,,,0,
11076169,bruxelles,1000,3600000,house,mixed-use-building,for-sale,,600,1,0,0,,,,,0,As new
11077806,bruxelles,1000,990000,house,apartment-block,for-sale,,1000,1,0,0,,,,,0,To renovate
11094895,bruxelles,1000,2000000,house,apartment-block,for-sale,9,750,1,0,0,,,,,0,
11077798,brussels,1000,700000,house,apartment-block,for-sale,,,1,0,0,,,,,0,Good
10924751,bruxelles,1000,1090000,house,mixed-use-building,for-sale,7,500,1,0,0,,,,,0,Good
10105032,bruxelles,1000,1299000,house,house,for-sale,5,526,1,0,0,,,105,,0,
10785401,bruxelles-1,1000,349500,house,house,for-sale,5,195,1,0,0,13,,65,,0,
10253175,bruxelles,1000,1290000,house,house,for-sale,5,526,1,0,0,,,105,,0,
10804733,bruxelles-1,1000,620000,house,apartment-block,for-sale,6,250,1,0,0,45,,117,,0,
11097788,brussels-city,1000,595000,house,house,for-sale,3,150,0,0,0,,230,297,,0,Just renovated
10465400,brussels-city,1000,350000,house,apartment-block,for-sale,8,396,0,0,0,,,,,0,
10823522,bruxelles,1000,1180000,house,apartment-block,for-sale,6,440,1,0,0,30,,106,,0,Good
11053203,bruxelles,1000,750000,house,mixed-use-building,for-sale,,160,1,0,0,,,,,0,
10943284,bruxelles-1,1000,925000,house,apartment-block,for-sale,10,470,1,0,0,6,,133,,0,
10352820,bruxelles,1000,190000,house,mixed-use-building,for-sale,,,0,0,0,,,,,0,To be done up
10770078,bruxelles,1000,650000,house,apartment-block,for-sale,5,209,1,0,0,,,,,0,To renovate
11032014,bruxelles,1000,299000,house,house,for-sale,2,98,1,0,0,,,48,,0,Good
11059636,bruxelles,1000,160000,house,apartment-block,for-sale,,32,1,0,0,,,300,,0,To be done up
9961817,bruxelles,1000,1300000,house,apartment-block,for-sale,8,500,1,0,0,,70,184,,0,To renovate
11129326,vilvoorde,1800,369000,house,house,for-sale,3,145,1,0,0,14,33,110,,0,Good
11129334,lummen,3560,300000,appartment,apartment,for-sale,2,94,1,0,0,9,,,,0,
11129322,sint-amandsberg,9040,365000,house,house,for-sale,1,123,1,0,0,17,,107,,0,As new
11129337,hamme,9220,195000,house,house,for-sale,2,104,1,0,0,,,230,,0,To be done up
9961818,bruxelles,1000,1300000,house,mansion,for-sale,8,500,1,0,0,,70,184,,0,To renovate
11129335,lummen,3560,295500,appartment,apartment,for-sale,2,88,1,0,0,10,,,,0,
11011510,eghez%C3%A9e,5310,345000,house,house,for-sale,4,170,1,0,0,,,750,,0,Good
11129327,strombeek-bever,1853,324000,appartment,apartment,for-sale,3,102,1,0,0,15,,,,0,Good
11129333,lummen,3560,289500,appartment,apartment,for-sale,2,96,1,0,0,7,,,,0,
11011553,ramillies,1367,345000,house,house,for-sale,4,170,1,0,0,,,750,,0,Good
11072359,jemeppe-sur-meuse,4101,140000,appartment,apartment,for-sale,2,81,1,0,0,3,,,,0,
11129431,libramont-chevigny,6800,250000,appartment,apartment,for-sale,5,125,1,0,0,,,,,0,Good
11128992,izegem,8870,249000,house,house,for-sale,3,150,1,0,0,,,390,,0,Good
11129348,blankenberge,8370,295000,house,exceptional-property,for-sale,4,,1,0,0,,,,,0,Just renovated
11128995,dendermonde,9200,229900,appartment,ground-floor,for-sale,1,63,1,0,0,,,,,0,Good
11129014,halle,1500,249000,appartment,ground-floor,for-sale,1,55,1,0,0,13,50,,,0,Just renovated
11129347,fl%C3%A9ron,4621,299000,house,house,for-sale,3,133,1,0,0,,,831,,0,Good
11129349,fl%C3%A9ron,4621,299000,house,bungalow,for-sale,3,133,1,0,0,,,831,,0,Good
11128991,gent,9000,289000,appartment,apartment,for-sale,2,88,1,0,0,,,,,0,Good
11129021,forest,1190,370000,appartment,apartment,for-sale,2,114,1,0,0,5,,,,0,To be done up
11129008,nivelles,1400,149000,appartment,apartment,for-sale,1,50,1,0,0,,,,,0,As new
11129023,kortrijk,8500,285000,appartment,apartment,for-sale,3,105,1,0,0,,,,,0,
11129024,kortrijk,8500,268000,appartment,apartment,for-sale,3,105,1,0,0,,,,,0,
11129026,kapelle-op-den-bos,1880,500000,house,house,for-sale,3,259,1,0,0,31,175,671,,0,Good
11098274,schaerbeek,1030,180000,appartment,apartment,for-sale,2,60,1,0,0,,,,,0,Good
11128999,wavre,1300,65000,appartment,other-property,for-sale,1,30,1,0,0,30,,125,,0,To renovate
11129007,nivelles,1400,149000,appartment,flat-studio,for-sale,1,50,1,0,0,,,,,0,As new
11129040,waregem,8790,783000,house,villa,for-sale,3,,1,0,0,,,1454,,0,
11129031,ekeren,2180,295000,house,house,for-sale,3,,1,0,0,,,,,0,
11129041,schaerbeek,1030,300000,appartment,apartment,for-sale,3,111,0,0,0,7,,,,0,
11129044,beveren-%20leie,8791,480000,house,villa,for-sale,3,,1,0,0,,,953,,0,
10963459,mechelen,2800,398000,house,house,for-sale,2,364,1,0,0,,,,,0,Good
11129030,essen,2910,315000,house,house,for-sale,3,181,1,0,0,27,185,367,,0,Good
11129039,wielsbeke,8710,329000,house,house,for-sale,3,200,1,0,0,,,511,,0,Good
11127566,bruxelles,1020,475000,house,house,for-sale,4,268,1,0,0,,,121,,0,Good
10916991,laeken,1020,529000,house,house,for-sale,5,187,1,0,0,19,170,260,,0,To renovate
10940507,laeken,1020,589000,house,house,for-sale,5,214,1,0,0,,109,207,,0,Good
11040657,bruxelles,1020,290000,house,house,for-sale,4,170,1,0,0,15,,76,,0,To renovate
11087920,bruxelles,1020,445000,house,apartment-block,for-sale,3,190,1,0,0,14,,72,,0,Good
11124060,brussels-city,1020,369000,house,house,for-sale,5,150,1,0,0,30,,90,,0,To renovate
11102049,ixelles,1020,720000,house,apartment-block,for-sale,,,1,0,0,,,,,0,
10961983,brussel,1020,599000,house,mansion,for-sale,5,314,1,0,0,,90,204,,0,Good
10913241,bruxelles,1020,Starting price : 150000,house,house,for-sale,1,,1,0,0,,,95,,0,
9649118,bruxelles-2,1020,1375000,house,apartment-block,for-sale,4,1743,1,0,0,15,,,,0,
11062144,bruxelles,1020,Starting price : 220000,house,house,for-sale,3,,1,0,0,,,233,,0,
10638083,laeken,1020,285000,house,house,for-sale,4,177,1,0,0,,,87,,0,To renovate
11075692,bruxelles,1020,395000,house,town-house,for-sale,4,,1,0,0,15,,,,0,To be done up
9638315,bruxelles-2,1020,729000,house,apartment-block,for-sale,3,253,0,0,0,185,,470,,0,
11079932,laken,1020,375000,house,house,for-sale,3,259,1,0,0,,,172,,0,
11005242,laeken,1020,695000,house,apartment-block,for-sale,6,300,1,0,0,3,145,247,,0,
11106233,brussels-city,1020,720000,house,apartment-block,for-sale,5,,1,0,0,31,,140,,0,Good
10655466,laeken,1020,650000,house,town-house,for-sale,6,390,1,0,0,15,210,365,,0,
11010304,laeken,1020,550000,house,house,for-sale,8,213,1,0,0,,,65,,0,Good
11106230,brussels-city,1020,720000,house,house,for-sale,5,,1,0,0,31,,140,,0,Good
11035494,bruxelles,1020,Starting price : 199000,house,house,for-sale,3,180,1,0,0,,,,,0,Good
11066003,bruxelles,1020,1100000,house,exceptional-property,for-sale,4,327,1,0,0,,,,,0,Good
11077471,bruxelles,1020,720000,house,house,for-sale,5,326,1,0,0,,,,,0,As new
10987157,laken,1020,375000,house,house,for-sale,2,,1,0,0,,,250,,0,To renovate
11034833,laeken,1020,795000,house,apartment-block,for-sale,6,342,1,0,0,,,340,,0,Good
11122678,brussels-city,1020,725000,house,apartment-block,for-sale,6,251,1,0,0,20,,,,0,Good
9897322,bruxelles,1000,1520000,house,apartment-block,for-sale,10,654,1,0,0,,,175,,0,Good
10179327,laeken,1020,795000,house,house,for-sale,6,366,1,0,1,23,327,503,,0,
11129359,machelen,1830,389000,house,house,for-sale,3,248,1,0,0,,,198,,0,Good
11129363,wevelgem,8560,389000,house,house,for-sale,2,150,1,0,0,,,784,,0,Good
11129353,brasschaat,2930,639000,house,house,for-sale,4,234,1,0,0,18,400,580,,0,
11129358,charleroi,6000,18000,house,house,for-sale,,18,1,0,0,,,,,0,
11129360,mazee,5670,39000,house,house,for-sale,1,81,0,0,0,,,51,,0,
11129362,charleroi,6000,120000,house,house,for-sale,2,200,1,0,0,,,150,,0,
11129352,brasschaat,2930,639000,house,house,for-sale,4,234,1,0,0,18,400,580,,0,
11129369,tamines,5060,189000,house,house,for-sale,3,183,1,0,0,,,383,,0,
11129378,saint-servais,5002,474000,house,house,for-sale,5,267,1,0,0,41,,3845,,0,
11129382,fosses-la-ville,5070,179000,appartment,apartment,for-sale,2,106,1,0,0,,,,,0,
11129370,saint-denis-bovesse,5081,279000,house,house,for-sale,3,92,1,0,0,,,607,,0,
10948515,tienen,3300,169000,appartment,apartment,for-sale,1,65,1,0,0,10,,,,0,Good
11129381,fosses-la-ville,5070,145000,appartment,apartment,for-sale,2,85,1,0,0,,,,,0,
11129371,wijnegem,2110,325000,house,house,for-sale,2,108,1,0,0,,100,167,,0,As new
10855418,dilbeek,1700,730000,house,villa,for-sale,4,260,1,0,0,40,,696,,0,Good
11129390,antwerp,2140,155000,appartment,ground-floor,for-sale,1,53,1,0,0,,,,,0,Good
10915432,bruxelles,1000,650000,house,mixed-use-building,for-sale,7,,1,0,0,,,,,0,To be done up
11129391,anderlecht,1070,295000,house,house,for-sale,2,94,1,0,0,6,,67,,0,
10971329,brussels-city,1000,545000,house,apartment-block,for-sale,3,,1,0,0,,,,,0,To renovate
10545693,bruxelles,1000,285000,house,exceptional-property,for-sale,2,100,1,0,0,10,,40,,0,To restore
10962524,bruxelles,1000,330000,house,house,for-sale,4,223,1,0,0,,,50,,0,To renovate
11062763,bruxelles1,1000,380000,house,apartment-block,for-sale,5,160,1,0,0,,,,,0,
11078393,bruxelles1,1000,380000,house,apartment-block,for-sale,5,160,1,0,0,,,,,0,
11098997,bruxelles,1000,465000,house,house,for-sale,4,130,1,0,0,,,,,0,To be done up
10963443,bruxelles,1000,300000,house,house,for-sale,2,130,1,0,0,,,35,,0,
11057159,bruxelles,1000,675000,house,house,for-sale,3,170,1,1,0,,,,,0,Just renovated
10958072,brussels-city,1000,349999,house,house,for-sale,2,90,1,0,0,5,,,,0,Good
10817807,bruxelles,1000,749000,house,mansion,for-sale,5,288,1,0,0,21,75,,,0,As new
11125574,bruxelles,1000,685000,house,apartment-block,for-sale,8,860,1,0,0,,,,,0,
10470523,bruxelles,1000,650000,house,mixed-use-building,for-sale,3,206,1,0,0,,,,,0,To renovate
11099008,bruxelles,1000,1850000,house,apartment-block,for-sale,,1200,1,0,0,,,,,0,To renovate
10962147,brussels-city,1000,469000,house,apartment-block,for-sale,3,180,1,0,0,,,65,,0,Good
11020183,brussel,1000,999000,house,apartment-block,for-sale,7,280,1,1,0,,,86,,0,Good
10823525,bruxelles,1000,1750000,house,mixed-use-building,for-sale,15,882,1,0,0,10,,172,,0,Good
11073490,bruxelles,1000,1750000,house,mixed-use-building,for-sale,10,536,1,0,0,,,140,,0,Good
10785531,bruxelles,1000,750000,house,apartment-block,for-sale,5,240,1,0,0,,,83,,0,
10918637,brussels-city,1000,389000,house,house,for-sale,3,171,1,0,0,,,140,,0,To renovate
11083799,brussels-city,1000,599000,house,apartment-block,for-sale,6,160,1,0,0,,,45,,0,Just renovated
11016702,brussel,1000,750000,house,mansion,for-sale,4,300,0,0,0,,60,160,,0,To be done up
11121704,brussel,1000,455000,house,house,for-sale,2,140,1,0,1,,,54,,0,As new
10780666,bruxelles,1000,1400000,house,house,for-sale,,,1,0,0,,,,,0,To be done up
10701232,brussels-city,1000,409000,house,mixed-use-building,for-sale,2,170,0,0,0,,,,,0,To renovate
10902966,bruxelles,1000,555000,house,mixed-use-building,for-sale,,,1,0,0,,,,,0,Good
10979713,bruxelles,1000,1695000,house,apartment-block,for-sale,,480,1,0,0,,,,,0,Good
10867991,bruxelles,1000,Starting price : 200000,house,house,for-sale,5,,1,0,0,,,,,0,
11129272,houthalen-helchteren,3530,379000,appartment,ground-floor,for-sale,3,176,1,0,0,,125,,,0,Good
11055099,brussels,1000,535000,house,house,for-sale,3,130,1,0,0,,,,,0,Just renovated
11129268,lede,9340,550000,house,house,for-sale,3,206,1,0,0,,78,226,,0,
11062855,hannut,4280,375000,house,apartment-block,for-sale,4,213,1,0,0,,,840,,0,Good
11129270,hingeon,5380,239000,appartment,apartment,for-sale,2,,1,0,0,,274,,,0,As new
11129271,mechelen,2800,398000,appartment,apartment,for-sale,2,97,1,0,0,7,,,,0,Good
11129274,leopoldsburg,3970,245000,house,house,for-sale,2,110,1,0,0,14,,106,,0,Just renovated
11129273,eksel,3941,329000,house,bungalow,for-sale,3,135,1,0,0,,,1195,,0,Good
11129281,herentals,2200,429500,house,house,for-sale,3,,1,0,0,,,200,,0,As new
11129282,hofstade,9308,249000,appartment,duplex,for-sale,2,86,1,0,0,,,,,0,
11129275,hamont-achel,3930,399000,house,house,for-sale,3,180,1,0,0,,1500,1945,,0,Just renovated
11129283,schoten,2900,375000,house,house,for-sale,3,182,1,0,0,,48,135,,0,Just renovated
11129285,kalmthout,2920,445000,house,house,for-sale,3,160,1,0,0,,488,960,,0,Good
11129287,rendeux,6987,219000,house,house,for-sale,3,137,1,0,0,10,3307,3307,,0,Just renovated
11129289,mellet,6211,275000,house,villa,for-sale,3,186,1,0,0,,,1070,,0,To be done up
9299048,blankenberge,8370,75000,appartment,apartment,for-sale,1,26,1,0,0,,,,,0,Good
11129292,middelkerke,8430,335000,appartment,apartment,for-sale,2,86,1,0,0,,,,,0,Good
10999029,brussels-city,1000,Starting price : 700000,house,house,for-sale,8,,1,0,0,,,195,,0,
11050806,brussels-city,1020,449000,house,house,for-sale,3,205,1,0,0,12,18,75,,0,Good
11129301,blankenberge,8370,119500,appartment,apartment,for-sale,2,72,1,0,0,,20,,,0,Good
11129303,de%20haan,8420,119000,appartment,apartment,for-sale,2,48,1,0,0,,,,,0,Good
11129306,wemmel,1780,925000,house,house,for-sale,5,453,1,0,0,,600,1066,,0,Good
10650818,zwevegem,8550,235000,appartment,service-flat,for-sale,1,86,1,0,0,25,,,,0,
11129307,anderlecht,1070,175000,appartment,apartment,for-sale,1,62,1,0,0,8,,,,0,
11129320,sint-amandsberg,9040,384500,house,exceptional-property,for-sale,3,153,1,0,0,,,330,,0,
11129311,ieper,8900,199000,house,house,for-sale,3,,1,0,0,,25,125,,0,
11129315,grimbergen,1850,225000,house,house,for-sale,,95,1,0,0,,,358,,0,Good
11129318,hogne,5377,185000,appartment,country-cottage,for-sale,2,60,1,0,0,14,,1446,,0,Good
11129321,gent,9040,394000,house,house,for-sale,4,,1,0,0,12,,196,,0,Good
11129309,antwerp,2018,179000,appartment,flat-studio,for-sale,1,48,1,0,0,,,,,0,Good
10822302,bruxelles,1000,1250000,house,apartment-block,for-sale,10,654,1,0,0,,,175,,0,Good
11129314,mechelen,2811,385000,house,house,for-sale,3,,1,0,0,,,1400,,0,Good
10435396,bruxelles,1000,1290000,house,mixed-use-building,for-sale,8,587,1,0,0,16,,129,,0,Good
10811376,brussel,1000,750000,house,mixed-use-building,for-sale,2,,1,0,0,,,116,,0,Good
10819758,bruxelles,1000,2560000,house,apartment-block,for-sale,10,656,1,0,0,11,,222,,0,Good
10811725,bruxelles-ville,1000,670000,house,apartment-block,for-sale,7,300,1,0,0,,,100,,0,Good
11122981,bruxelles,1000,1100000,house,mixed-use-building,for-sale,6,,1,0,0,,,93,,0,Good
10893891,brussels-city,1000,2400000,appartment,other-property,for-sale,10,680,1,1,0,15,,230,,0,As new
10938334,brussels-city,1000,545000,house,mixed-use-building,for-sale,2,284,1,0,0,,,142,,0,Good
11002024,bruxelles,1000,675000,house,house,for-sale,4,200,1,0,0,1,1,165,,0,Good
10793520,brussels-city,1000,589000,house,house,for-sale,4,180,1,0,0,,,80,,0,Good
10955776,bruxelles,1000,295000,house,house,for-sale,6,150,1,0,0,,,35,,0,To renovate
11010121,bruxelles,1000,1990000,house,apartment-block,for-sale,,872,1,0,0,,,323,,0,To be done up
11115576,bruxelles,1000,525000,house,apartment-block,for-sale,,300,1,0,0,,,155,,0,To be done up
10514317,bruxelles,1000,850000,house,mixed-use-building,for-sale,,320,1,0,0,14,,150,,0,To be done up
10652551,bruxelles,1000,549000,house,house,for-sale,6,248,1,0,1,7,14,80,,0,Just renovated
10466107,brussels-city,1000,990000,appartment,other-property,for-sale,5,243,1,0,0,15,,178,,0,As new
10938063,bruxelles,1000,960000,house,house,for-sale,6,293,1,0,1,,45,130,,0,As new
11089282,bruxelles,1000,1150000,house,mixed-use-building,for-sale,19,959,1,1,0,10,,39,,0,To be done up
11104719,bruxelles,1000,675000,house,house,for-sale,5,276,1,1,0,4,,65,,0,Good
10892129,bruxelles,1000,675000,house,apartment-block,for-sale,4,265,1,0,0,10,,,,0,To be done up
11089283,bruxelles,1000,1150000,house,house,for-sale,19,959,1,1,0,10,,39,,0,To be done up
10960618,bruxelles,1000,1200000,house,apartment-block,for-sale,3,274,1,0,0,,,90,,0,To renovate
10983843,bruxelles,1000,695000,house,house,for-sale,6,279,1,0,1,14,,98,,0,Good
10908737,bruxelles,1000,1500000,house,apartment-block,for-sale,6,380,1,0,0,15,,92,,0,Just renovated
10774385,bruxelles-ville,1000,535000,house,house,for-sale,3,120,1,0,0,,30,80,,0,As new
10934351,bruxelles,1000,240000,house,house,for-sale,3,140,1,0,0,10,,,,0,
10322130,bruxelles,1000,1800000,house,apartment-block,for-sale,8,1000,1,0,0,,,,,0,As new
11128679,folx-les-caves,1350,100000 + 750 per month,house,house,for-sale,3,129,1,0,0,50,2213,2306,,0,Good
10934334,bruxelles,1000,490000,house,house,for-sale,3,,1,0,0,1,,,,0,
11128760,uccle,1180,290000,appartment,apartment,for-sale,2,,1,0,0,3,,,,0,Good
11083647,bruxelles,1000,2950000,house,apartment-block,for-sale,16,1027,1,0,0,,,,,0,
10922226,bruxelles,1000,1100000,house,apartment-block,for-sale,,,1,0,0,,,,,0,
11038031,etterbeek,1040,Starting price : 450000,house,house,for-sale,6,,1,0,0,,,105,,0,Good
10356861,etterbeek,1040,1250000,house,mansion,for-sale,8,500,1,0,0,30,45,170,,0,Good
11128411,zeebrugge,8380,249000,appartment,apartment,for-sale,1,68,1,0,0,6,,,,0,Good
11102000,etterbeek,1040,1850000,house,mansion,for-sale,8,783,1,0,0,,,330,,0,To renovate
10975848,etterbeek,1040,Starting price : 495000,house,house,for-sale,8,,1,0,0,,,235,,0,
11097449,etterbeek,1040,475000,house,house,for-sale,5,,1,0,0,,62,247,,0,To renovate
10624658,etterbeek,1040,2900000,house,house,for-sale,,957,1,0,0,,,750,,0,
10990961,etterbeek,1040,735000,house,mansion,for-sale,5,190,1,0,0,17,,75,,0,Good
10913888,etterbeek,1040,850000,house,mixed-use-building,for-sale,2,330,1,0,0,10,,,,0,To be done up
10902804,etterbeek,1040,1990000,house,mansion,for-sale,5,610,1,0,0,20,,220,,0,
11128372,evere,1140,695000,house,apartment-block,for-sale,4,310,1,0,0,20,,,,0,Good
10913889,etterbeek,1040,850000,house,mixed-use-building,for-sale,1,330,1,0,0,10,,,,0,To be done up
10619608,etterbeek,1040,2490000,house,house,for-sale,4,400,1,0,0,,,150,,0,As new
11123017,etterbeek,1040,750000,house,apartment-block,for-sale,6,270,1,0,0,,,80,,0,To be done up
11128363,leuven,3000,569000,house,house,for-sale,3,155,1,0,0,16,,,,0,Good
11109555,etterbeek,1040,999000,house,apartment-block,for-sale,9,485,1,0,0,25,45,,,0,To be done up
10866516,etterbeek,1040,649000,house,house,for-sale,4,176,1,0,0,37,,75,,0,To be done up
11128299,wetteren,9230,522116,house,villa,for-sale,3,165,1,0,0,23,718,838,,0,As new
11128289,lommel,3920,195000,house,house,for-sale,1,,1,0,0,,,430,,0,To be done up
11128252,uccle,1180,1750000,house,house,for-sale,6,340,1,0,0,66,650,1343,,0,To be done up
10777631,etterbeek,1040,1300000,house,house,for-sale,6,455,1,0,0,13,150,330,,0,To be done up
11128292,gent,9000,309000,house,house,for-sale,3,116,1,0,0,12,,87,,0,Good
11128288,as,3665,359000,house,house,for-sale,3,220,1,0,0,,,1423,,0,Good
11128291,uccle,1180,650000,house,house,for-sale,4,174,1,0,0,10,40,110,,0,As new
11128309,gent,9000,1047510,appartment,apartment,for-sale,2,134,1,0,0,15,,,,0,As new
11128316,gent,9000,666410,appartment,apartment,for-sale,2,92,1,0,0,9,,,,0,As new
11128322,gent,9000,787950,appartment,apartment,for-sale,2,101,1,0,0,11,,,,0,As new
11128312,gent,9000,644393,appartment,apartment,for-sale,1,77,1,0,0,9,,,,0,As new
11128314,gent,9000,634947,appartment,apartment,for-sale,1,77,1,0,0,9,,,,0,As new
11128324,gent,9000,653049,appartment,apartment,for-sale,1,77,1,0,0,10,,,,0,As new
11128330,deinze,9800,250000,house,house,for-sale,3,230,1,0,0,,500,,,0,
11128319,gent,9000,954810,appartment,apartment,for-sale,2,119,1,0,0,24,,,,0,As new
11128321,gent,9000,639669,appartment,apartment,for-sale,1,77,1,0,0,9,,,,0,As new
11128337,gent,9000,599000,house,apartment-block,for-sale,3,104,1,0,0,,,48,,0,As new
11128343,ninove,9400,170000,appartment,apartment,for-sale,2,74,1,0,0,,,,,0,Good
11128347,gent%20gentbrugge,9050,560000,house,house,for-sale,3,153,1,0,0,19,136,286,,0,
11128349,gent%20gentbrugge,9050,640000,house,house,for-sale,3,153,1,0,0,18,258,402,,0,
11128333,gavere,9890,420000,house,house,for-sale,6,360,1,0,0,,120,330,,0,
11128334,gent,9000,299000,house,house,for-sale,3,120,1,0,0,11,,,,0,
11128331,gavere,9890,365000,house,house,for-sale,5,185,1,0,0,,60,235,,0,
11128348,gent%20gentbrugge,9050,566800,house,house,for-sale,3,153,1,0,0,19,160,304,,0,
11128355,gent%20mariakerke,9030,474002,house,house,for-sale,3,173,1,0,0,20,147,,,0,As new
11128356,gent%20mariakerke,9030,468532,house,house,for-sale,3,178,1,0,0,26,166,,,0,As new
11100100,etterbeek,1040,749000,house,house,for-sale,5,225,1,0,0,9,71,150,,0,To renovate
11128358,mortsel,2640,699000,house,house,for-sale,4,186,1,0,0,53,,231,,0,Just renovated
11128359,geraardsbergen%20viane,9500,441500,house,house,for-sale,3,209,1,0,0,23,556,673,,0,As new
11128361,gent,9000,1170000,house,apartment-block,for-sale,7,418,1,1,0,,45,210,,0,Good
11019014,etterbeek,1040,599000,house,house,for-sale,6,271,1,0,0,10,,,,0,To be done up
11094978,etterbeek,1040,995000,house,mixed-use-building,for-sale,,855,0,0,0,,,475,,0,To renovate
10920095,etterbeek,1040,495000,house,mixed-use-building,for-sale,3,180,1,0,0,,,180,,0,To renovate
10963860,etterbeek,1040,595000,house,house,for-sale,3,145,1,0,0,20,13,78,,0,As new
11015857,etterbeek,1040,890000,house,apartment-block,for-sale,8,485,1,0,0,40,,200,,0,To renovate
10933122,etterbeek,1040,750000,house,house,for-sale,6,335,1,0,0,10,71,210,,0,Good
11055930,etterbeek,1040,499000,house,house,for-sale,3,215,1,0,0,3,,60,,0,Good
11055939,etterbeek,1040,499000,house,house,for-sale,,236,0,0,0,,,60,,0,Good
10562194,etterbeek,1040,2900000,house,apartment-block,for-sale,,,1,0,0,45,450,700,,0,Good
11126302,etterbeek,1040,599000,house,house,for-sale,6,257,0,0,0,,15,84,,0,To renovate
11126307,etterbeek,1040,599000,house,apartment-block,for-sale,,257,0,0,0,,15,84,,0,To renovate
11007479,etterbeek,1040,625000,house,house,for-sale,6,,1,0,0,,,,,0,Good
10646679,etterbeek,1040,1799000,house,apartment-block,for-sale,7,400,1,0,1,60,752,,,0,Good
10606018,etterbeek,1040,920000,house,mixed-use-building,for-sale,,580,1,0,0,,,260,,0,
10609748,bruxelles,1040,1195000,house,apartment-block,for-sale,,,1,0,0,,,,,0,
10876934,etterbeek,1040,595000,house,apartment-block,for-sale,4,160,1,0,0,,,,,0,
11098651,etterbeek,1040,1355000,house,apartment-block,for-sale,10,320,1,0,0,,,,,0,
11125026,etterbeek,1040,1400000,house,mixed-use-building,for-sale,3,700,1,0,0,3,,,,0,
10894916,etterbeek,1040,475000,house,house,for-sale,3,182,1,0,0,,,,,0,To renovate
10556343,etterbeek,1040,3850000,house,mansion,for-sale,5,850,1,0,1,20,1,450,,0,As new
10816295,etterbeek,1040,749000,house,mansion,for-sale,5,288,1,0,0,21,75,,,0,As new
11086301,etterbeek,1040,1795000,house,mansion,for-sale,6,706,1,0,0,,,210,,0,Good
10058543,etterbeek,1040,1120000,house,mansion,for-sale,5,316,1,0,0,,80,165,,0,As new
11070610,etterbeek,1040,720000,house,house,for-sale,3,180,1,0,0,20,,,,0,As new
10714174,etterbeek,1040,750000,house,mixed-use-building,for-sale,2,200,1,0,0,1,,55,,0,As new
11061366,etterbeek,1040,930000,house,apartment-block,for-sale,5,340,1,0,0,80,200,330,,0,To be done up
10979574,etterbeek,1040,1795000,house,house,for-sale,,706,1,0,1,1,73,210,,0,As new
11128237,herselt,2230,307365,appartment,apartment,for-sale,2,101,1,0,0,20,,,,0,As new
11128236,houthalen-helchteren,3530,319000,house,house,for-sale,3,,1,0,0,,,1160,,0,
11128240,antwerpen%20merksem,2170,665000,house,house,for-sale,3,250,1,0,0,,70,202,,0,As new
11018343,etterbeek,1040,795000,house,house,for-sale,4,280,1,0,0,15,35,,,0,To be done up
11128238,bree%20opitter,3960,371500,house,house,for-sale,3,174,1,0,0,,,384,,0,
11128239,bree%20opitter,3960,369000,house,house,for-sale,3,174,1,0,0,,,375,,0,
11128235,genk,3600,245000,appartment,apartment,for-sale,2,125,1,0,0,10,,,,0,
11128242,gent,9000,589000,house,house,for-sale,4,165,1,0,0,,,121,,0,As new
11128243,sint-martens-latem,9831,795000,house,house,for-sale,3,,1,0,0,,,740,,0,As new
11128249,evere,1140,310000,appartment,apartment,for-sale,1,62,1,1,0,5,,,,0,As new
11128250,uccle,1180,1090000,appartment,apartment,for-sale,3,199,1,0,0,,,,,0,Good
11128251,ixelles,1050,290000,appartment,flat-studio,for-sale,1,46,1,1,0,5,,,,0,Good
11128241,antwerp,2000,665000,house,house,for-sale,3,250,1,0,0,,70,202,,0,As new
11128253,ronse,9600,795000,house,mansion,for-sale,5,428,1,0,0,,,1919,,0,As new
11128244,zaventem%20sint-stevens-woluwe,1932,400000,house,house,for-sale,3,112,1,0,0,19,475,560,,0,To be done up
11128255,la%20louvi%C3%A8re,7100,180000,appartment,apartment,for-sale,2,124,1,0,0,,,,,0,Good
11128276,mortsel,2640,995000,house,apartment-block,for-sale,6,545,1,0,0,,,121,,0,Good
11128277,berendrecht,2040,309000,house,house,for-sale,4,202,1,0,0,,,200,,0,Good
11128274,antwerp,2610,495000,appartment,apartment,for-sale,4,160,0,0,0,,,,,0,To be done up
11038614,antwerpen%20hoboken,2660,373000,house,house,for-sale,4,190,1,0,0,,47,130,,0,Good
11128278,aalst,9300,547000,house,house,for-sale,2,385,1,0,0,,,,,0,
11128275,antwerpen%20merksem,2170,429900,house,mixed-use-building,for-sale,3,210,1,0,0,,,65,,0,Good
11128268,brussels%20city,1000,550000,appartment,ground-floor,for-sale,3,113,1,1,0,,,,,0,As new
11128257,farciennes,6240,199000,house,mixed-use-building,for-sale,4,208,1,1,0,,,180,,0,Good
11055815,aalst,9300,149000,appartment,apartment,for-sale,2,,1,0,0,,,,,0,Good
11128286,muizen,2812,485000,house,house,for-sale,4,216,1,0,0,,265,684,,0,To be done up
11001619,ixelles,1050,775000,house,apartment-block,for-sale,3,195,1,0,0,4,40,,,0,Good
10898511,ixelles,1050,895000,house,house,for-sale,4,240,1,0,0,8,30,100,,0,Good
10810869,ixelles,1050,995000,house,house,for-sale,5,380,1,0,0,36,185,310,,0,Good
11128287,duffel,2570,349000,house,house,for-sale,3,108,1,0,0,,51,146,,0,
11128283,tongeren,3700,185000,house,house,for-sale,3,149,1,0,0,10,300,381,,0,To renovate
11128284,tongeren,3700,165000,appartment,apartment,for-sale,1,63,1,0,0,13,,,,0,Good
10921878,ixelles,1050,1395000,house,mansion,for-sale,5,330,1,0,0,,,167,,0,
11093915,ixelles,1050,645000,house,apartment-block,for-sale,5,230,1,0,0,9,,131,,0,To renovate
11127281,elsene,1050,630000,house,apartment-block,for-sale,,180,1,0,1,,,,,0,Just renovated
11055190,ixelles,1050,630000,house,house,for-sale,2,110,1,0,0,4,,,,0,As new
11112036,ixelles,1050,1500000,house,house,for-sale,4,275,1,0,0,20,45,150,,0,Just renovated
10774852,ixelles,1050,1150000,house,apartment-block,for-sale,6,394,1,0,0,14,74,240,,0,As new
11119799,ixelles,1050,699000,house,house,for-sale,6,,1,0,0,,,130,,0,To be done up
10965478,ixelles,1050,1100000,house,house,for-sale,6,350,1,0,0,,50,155,,0,
11013615,ixelles,1050,650000,house,apartment-block,for-sale,4,190,1,0,0,22,77,140,,0,Good
10817859,ixelles,1050,1030000,house,house,for-sale,4,327,1,0,0,,250,366,,0,To be done up
10757464,ixelles,1050,1550000,house,apartment-block,for-sale,8,501,1,0,0,,,182,,0,To be done up
11042173,ixelles,1050,799000,house,apartment-block,for-sale,7,429,1,0,0,20,100,210,,0,To renovate
11009167,ixelles,1050,725000,house,house,for-sale,8,232,1,0,0,30,178,260,,0,To renovate
11043349,ixelles,1050,675000,house,house,for-sale,5,253,1,0,0,20,20,106,,0,Good
10865549,ixelles,1050,949000,house,mansion,for-sale,5,314,1,0,0,1,34,105,,0,Just renovated
10644403,ixelles,1050,845000,house,mansion,for-sale,5,490,1,0,0,19,273,415,,0,Good
10755325,etterbeek,1040,785000,house,mixed-use-building,for-sale,2,200,1,0,0,,,60,,0,As new
11091396,etterbeek,1040,780000,house,house,for-sale,4,230,1,0,0,,63,,,0,To be done up
11081251,etterbeek,1040,700000,house,apartment-block,for-sale,,,1,0,0,,60,,,0,
11026482,etterbeek,1040,325000,house,house,for-sale,4,140,1,0,0,,,225,,0,As new
11075842,ixelles,1050,595000,house,house,for-sale,4,243,1,0,0,,,110,,0,To renovate
11034863,ixelles,1050,1550000,house,mansion,for-sale,8,580,1,0,0,50,326,575,,0,Good
11085487,etterbeek,1040,795000,house,house,for-sale,8,300,1,0,0,32,,,,0,Good
11128376,deinze,9800,270000,appartment,apartment,for-sale,1,61,1,0,0,10,,,,0,As new
10812913,etterbeek,1040,795000,house,house,for-sale,4,280,1,0,0,15,35,,,0,To be done up
10934170,denderhoutem,9450,359000,house,house,for-sale,4,180,1,0,0,,,211,,0,Good
11128374,berchem-sainte-agathe,1082,185000,appartment,apartment,for-sale,1,88,1,0,0,6,,,,0,To renovate
11128377,manage%20la%20hestre,7170,285000,house,house,for-sale,2,175,1,0,0,,,2130,,0,Good
11128379,charleroi%20jumet,6040,139000,house,house,for-sale,3,108,1,0,0,6,100,100,,0,Good
11128378,la%20louvi%C3%A8re,7100,249000,house,house,for-sale,3,198,1,0,0,,,,,0,Good
11128381,ninove,9400,410000,house,house,for-sale,3,142,1,0,0,,,514,,0,As new
11128382,ninove,9400,385000,house,house,for-sale,3,128,1,0,0,,,322,,0,As new
10965329,brakel,9660,295000,house,house,for-sale,6,,1,0,0,,,1080,,0,
11128384,kasterlee,2460,320000,house,house,for-sale,3,179,1,0,0,,,1270,,0,To renovate
11128385,gochenee,5680,135000,house,house,for-sale,2,133,1,0,0,,,,,0,Good
11128387,erembodegem,9320,375000,house,house,for-sale,2,141,1,0,0,,187,304,,0,Good
11128383,herstal,4040,199000,house,house,for-sale,3,156,1,0,0,26,458,626,,0,Good
11128389,outer,9406,495000,house,house,for-sale,4,216,1,0,0,,,2069,,0,As new
11128393,leval-trahegnies,7134,219000,house,house,for-sale,4,244,1,0,0,115,657,800,,0,To be done up
11128398,ans,4432,265000,house,house,for-sale,3,200,1,0,0,26,155,357,,0,Good
11128402,keerbergen,3140,535000,house,house,for-sale,3,230,1,0,0,,,1800,,0,To renovate
11128406,deurne,2100,299000,house,house,for-sale,2,120,1,0,0,,,,,0,To renovate
11128400,braine-l%27alleud,1420,549000,house,bungalow,for-sale,3,152,1,0,0,20,,1028,,0,Good
11128394,sambreville,5060,289000,house,villa,for-sale,5,175,1,0,0,20,700,1194,,0,To be done up
11128403,ronse,9600,245000,house,house,for-sale,3,112,1,0,0,10,25,83,,0,As new
11128407,ekeren,2180,310000,house,town-house,for-sale,3,144,1,0,0,,135,213,,0,
11128410,huldenberg%20ottenburg,3040,525000,house,villa,for-sale,4,280,1,0,0,,,1002,,0,
10353926,etterbeek,1040,590000,house,house,for-sale,5,225,1,0,0,9,55,140,,0,To be done up
11085591,etterbeek,1040,550000,house,house,for-sale,2,100,1,0,0,4,10,,,0,Just renovated
10005135,etterbeek,1040,550000,house,house,for-sale,3,189,1,0,0,30,,110,,0,As new
11086877,etterbeek,1040,2100000,house,house,for-sale,5,650,1,0,0,,200,200,,0,Good
10952405,etterbeek,1040,1150000,house,mansion,for-sale,5,297,1,0,0,,26,120,,0,Just renovated
10876680,etterbeek,1040,1800000,house,mixed-use-building,for-sale,9,720,1,0,0,,,,,0,To renovate
10773672,etterbeek,1040,1795000,house,mixed-use-building,for-sale,3,535,1,0,0,,400,365,,0,As new
10993436,etterbeek,1040,735000,house,house,for-sale,5,209,1,0,0,,19,,,0,As new
10615250,etterbeek,1040,2490000,house,house,for-sale,4,353,1,0,0,20,500,693,,0,As new
10616437,etterbeek,1040,2490000,house,house,for-sale,4,353,1,0,0,20,500,693,,0,As new
11008512,etterbeek,1040,650000,house,house,for-sale,4,215,1,0,0,53,,130,,0,
11088116,etterbeek,1040,990000,house,apartment-block,for-sale,8,290,1,0,0,10,120,227,,0,Good
10904250,etterbeek,1040,650000,house,town-house,for-sale,3,280,1,0,1,40,,150,,0,To be done up
10910893,etterbeek,1040,780000,house,house,for-sale,4,310,1,0,0,,,310,,0,
10955165,etterbeek,1040,1795000,house,apartment-block,for-sale,3,535,1,0,0,30,250,365,,0,As new
11076674,etterbeek,1040,1195000,house,mixed-use-building,for-sale,5,430,1,0,0,15,200,,,0,Good
11047506,etterbeek,1040,749000,house,house,for-sale,8,220,1,0,0,20,,90,,0,Just renovated
